Cab Service Name,City,State
Comfort Ride,Washington,DC
Metro Taxi,Seattle,WA
Rapid Cab,New York,NY
City Cab,New York,NY
Reliable Rides,Seattle,WA
Urban Cabs,St. Louis,MO
Premier Rides,Atlanta,GA
Sunshine Taxi,Atlanta,GA
City Cab,New York,NY
Quick Ride,Chicago,IL
Yellow Cab,Washington,DC
Eagle Taxi,Miami,FL
Town Car Service,Atlanta,GA
Royal Cab,Los Angeles,CA
Best Taxi,St. Louis,MO
Quick Ride,Chicago,IL
Town Car Service,Los Angeles,CA
First Choice Taxi,Chicago,IL
BlueLine Taxi,San Francisco,CA
Alpha Cab,Miami,FL
First Choice Taxi,Miami,FL
Liberty Taxi,Phoenix,AZ
Elite Taxi,Miami,FL
BlueLine Taxi,Miami,FL
Star Taxi,Washington,DC
First Choice Taxi,San Francisco,CA
Eagle Taxi,San Francisco,CA
Star Taxi,Miami,FL
Royal Cab,Chicago,IL
Comfort Ride,Los Angeles,CA
Premier Rides,Washington,DC
Elite Taxi,Chicago,IL
City Cab,Chicago,IL
Speedy Taxi,Chicago,IL
Elite Taxi,Phoenix,AZ
Town Car Service,Seattle,WA
Best Taxi,Chicago,IL
First Choice Taxi,New York,NY
Town Car Service,Washington,DC
Town Car Service,Miami,FL
Sunshine Taxi,Seattle,WA
Quick Ride,Washington,DC
Premier Rides,Atlanta,GA
Premier Rides,New York,NY
Elite Taxi,St. Louis,MO
Comfort Ride,Los Angeles,CA
Elite Taxi,Miami,FL
Liberty Taxi,Los Angeles,CA
Alpha Cab,Los Angeles,CA
Liberty Taxi,Los Angeles,CA
Sunshine Taxi,Miami,FL
Comfort Ride,Miami,FL
Premier Rides,Washington,DC
Eagle Taxi,St. Louis,MO
Quick Ride,San Francisco,CA
Liberty Taxi,St. Louis,MO
Quick Ride,Miami,FL
Sunshine Taxi,Chicago,IL
Best Taxi,Phoenix,AZ
Star Taxi,Miami,FL
Speedy Taxi,Chicago,IL
Comfort Ride,San Francisco,CA
BlueLine Taxi,Los Angeles,CA
Yellow Cab,Seattle,WA
Golden Cab,Washington,DC
Quick Ride,Phoenix,AZ
Best Taxi,Chicago,IL
Reliable Rides,Chicago,IL
Rapid Cab,New York,NY
Urban Cabs,Seattle,WA
City Cab,Chicago,IL
Liberty Taxi,Los Angeles,CA
Eagle Taxi,St. Louis,MO
Town Car Service,Washington,DC
Star Taxi,Phoenix,AZ
Royal Cab,Atlanta,GA
TopRide Taxi,Washington,DC
Best Taxi,Phoenix,AZ
TopRide Taxi,San Francisco,CA
TopRide Taxi,Chicago,IL
Liberty Taxi,New York,NY
Yellow Cab,New York,NY
BlueLine Taxi,Atlanta,GA
Speedy Taxi,Miami,FL
Royal Cab,Atlanta,GA
Elite Taxi,Miami,FL
Reliable Rides,Washington,DC
Urban Cabs,Phoenix,AZ
BlueLine Taxi,Phoenix,AZ
Liberty Taxi,Miami,FL
Green Cab,Los Angeles,CA
Royal Cab,Miami,FL
Alpha Cab,Seattle,WA
Sunshine Taxi,Phoenix,AZ
City Cab,Miami,FL
Yellow Cab,Los Angeles,CA
Quick Ride,Washington,DC
Eagle Taxi,San Francisco,CA
Reliable Rides,Seattle,WA
TopRide Taxi,Phoenix,AZ
Eagle Taxi,Washington,DC
Premier Rides,San Francisco,CA
Reliable Rides,Phoenix,AZ
Elite Taxi,New York,NY
Best Taxi,Phoenix,AZ
Sunshine Taxi,Seattle,WA
Quick Ride,Los Angeles,CA
Golden Cab,Los Angeles,CA
First Choice Taxi,Atlanta,GA
Eagle Taxi,New York,NY
Reliable Rides,Washington,DC
Comfort Ride,Miami,FL
Alpha Cab,Atlanta,GA
Quick Ride,Phoenix,AZ
Royal Cab,New York,NY
Quick Ride,Washington,DC
Royal Cab,Seattle,WA
Reliable Rides,Los Angeles,CA
Rapid Cab,San Francisco,CA
Star Taxi,Atlanta,GA
Elite Taxi,Los Angeles,CA
Star Taxi,Atlanta,GA
Star Taxi,Phoenix,AZ
Town Car Service,Phoenix,AZ
Speedy Taxi,Atlanta,GA
Sunshine Taxi,Seattle,WA
Alpha Cab,Phoenix,AZ
Golden Cab,Phoenix,AZ
Quick Ride,Atlanta,GA
Premier Rides,Phoenix,AZ
Royal Cab,Chicago,IL
First Choice Taxi,Seattle,WA
Reliable Rides,Atlanta,GA
Quick Ride,Chicago,IL
Metro Taxi,Chicago,IL
Premier Rides,Seattle,WA
First Choice Taxi,Chicago,IL
City Cab,Washington,DC
Premier Rides,Atlanta,GA
Green Cab,Seattle,WA
Reliable Rides,New York,NY
Royal Cab,Washington,DC
Town Car Service,St. Louis,MO
Town Car Service,Washington,DC
Golden Cab,Atlanta,GA
Town Car Service,Miami,FL
Reliable Rides,Chicago,IL
Premier Rides,Miami,FL
Eagle Taxi,Atlanta,GA
BlueLine Taxi,Atlanta,GA
Yellow Cab,Chicago,IL
Eagle Taxi,Miami,FL
TopRide Taxi,Miami,FL
Sunshine Taxi,Phoenix,AZ
TopRide Taxi,Chicago,IL
Eagle Taxi,Miami,FL
Urban Cabs,Phoenix,AZ
BlueLine Taxi,Los Angeles,CA
Alpha Cab,Phoenix,AZ
Yellow Cab,Seattle,WA
Best Taxi,New York,NY
Sunshine Taxi,San Francisco,CA
Comfort Ride,Seattle,WA
City Cab,Chicago,IL
Rapid Cab,San Francisco,CA
Quick Ride,Chicago,IL
Green Cab,Atlanta,GA
TopRide Taxi,Washington,DC
Yellow Cab,Miami,FL
Reliable Rides,New York,NY
Speedy Taxi,Miami,FL
Eagle Taxi,Washington,DC
Liberty Taxi,St. Louis,MO
BlueLine Taxi,Chicago,IL
Rapid Cab,San Francisco,CA
Star Taxi,New York,NY
Rapid Cab,St. Louis,MO
Town Car Service,St. Louis,MO
Urban Cabs,New York,NY
Rapid Cab,St. Louis,MO
Best Taxi,Atlanta,GA
City Cab,Atlanta,GA
City Cab,Los Angeles,CA
Royal Cab,Miami,FL
Royal Cab,Chicago,IL
BlueLine Taxi,San Francisco,CA
City Cab,New York,NY
Green Cab,St. Louis,MO
Royal Cab,Washington,DC
BlueLine Taxi,St. Louis,MO
TopRide Taxi,New York,NY
Reliable Rides,San Francisco,CA
Town Car Service,Los Angeles,CA
Golden Cab,Washington,DC
Liberty Taxi,New York,NY
Green Cab,Miami,FL
Star Taxi,Atlanta,GA
Yellow Cab,New York,NY
Yellow Cab,Washington,DC
City Cab,St. Louis,MO
Liberty Taxi,San Francisco,CA
Urban Cabs,Washington,DC
Rapid Cab,Los Angeles,CA
TopRide Taxi,Miami,FL
Urban Cabs,St. Louis,MO
Express Cab,Los Angeles,CA
Green Cab,San Francisco,CA
Liberty Taxi,San Francisco,CA
Urban Cabs,Phoenix,AZ
Urban Cabs,Atlanta,GA
Golden Cab,Atlanta,GA
Best Taxi,Atlanta,GA
Best Taxi,Seattle,WA
Town Car Service,St. Louis,MO
Eagle Taxi,Seattle,WA
Star Taxi,San Francisco,CA
Urban Cabs,Miami,FL
Rapid Cab,San Francisco,CA
Sunshine Taxi,Los Angeles,CA
TopRide Taxi,New York,NY
Premier Rides,Washington,DC
Express Cab,Seattle,WA
Best Taxi,Miami,FL
Liberty Taxi,Phoenix,AZ
Star Taxi,Miami,FL
Liberty Taxi,New York,NY
Rapid Cab,Los Angeles,CA
BlueLine Taxi,Los Angeles,CA
Quick Ride,San Francisco,CA
Premier Rides,Chicago,IL
Town Car Service,New York,NY
Speedy Taxi,Washington,DC
Metro Taxi,Los Angeles,CA
Urban Cabs,Washington,DC
Liberty Taxi,San Francisco,CA
Urban Cabs,New York,NY
Yellow Cab,Washington,DC
Eagle Taxi,New York,NY
Express Cab,Miami,FL
Comfort Ride,Washington,DC
Star Taxi,Chicago,IL
Premier Rides,St. Louis,MO
Reliable Rides,Phoenix,AZ
Eagle Taxi,Seattle,WA
Express Cab,Phoenix,AZ
TopRide Taxi,San Francisco,CA
Alpha Cab,San Francisco,CA
City Cab,Miami,FL
Green Cab,St. Louis,MO
Metro Taxi,Seattle,WA
Speedy Taxi,Seattle,WA
BlueLine Taxi,New York,NY
Star Taxi,San Francisco,CA
Green Cab,Atlanta,GA
First Choice Taxi,Miami,FL
Yellow Cab,St. Louis,MO
Green Cab,Atlanta,GA
Royal Cab,Chicago,IL
City Cab,Miami,FL
Speedy Taxi,Phoenix,AZ
Alpha Cab,St. Louis,MO
Elite Taxi,Atlanta,GA
Eagle Taxi,Miami,FL
Urban Cabs,Seattle,WA
Golden Cab,Washington,DC
Royal Cab,New York,NY
Sunshine Taxi,Phoenix,AZ
Town Car Service,Miami,FL
Premier Rides,Chicago,IL
Speedy Taxi,Chicago,IL
Urban Cabs,St. Louis,MO
Eagle Taxi,Washington,DC
Best Taxi,Phoenix,AZ
Comfort Ride,Phoenix,AZ
City Cab,Phoenix,AZ
Eagle Taxi,New York,NY
Urban Cabs,Chicago,IL
BlueLine Taxi,St. Louis,MO
Green Cab,Atlanta,GA
Town Car Service,New York,NY
BlueLine Taxi,New York,NY
Sunshine Taxi,Phoenix,AZ
Elite Taxi,Los Angeles,CA
Green Cab,Washington,DC
Premier Rides,Washington,DC
Comfort Ride,San Francisco,CA
Liberty Taxi,Chicago,IL
Star Taxi,Los Angeles,CA
Reliable Rides,Atlanta,GA
Premier Rides,Washington,DC
Liberty Taxi,Washington,DC
Urban Cabs,Atlanta,GA
Metro Taxi,Chicago,IL
BlueLine Taxi,St. Louis,MO
Royal Cab,Atlanta,GA
Express Cab,San Francisco,CA
Comfort Ride,Atlanta,GA
Urban Cabs,Chicago,IL
Town Car Service,New York,NY
Express Cab,Chicago,IL
Liberty Taxi,Chicago,IL
City Cab,Miami,FL
Premier Rides,Washington,DC
City Cab,New York,NY
TopRide Taxi,Miami,FL
City Cab,Seattle,WA
Reliable Rides,Chicago,IL
Eagle Taxi,Phoenix,AZ
First Choice Taxi,New York,NY
Green Cab,Washington,DC
Metro Taxi,San Francisco,CA
BlueLine Taxi,Atlanta,GA
TopRide Taxi,Los Angeles,CA
Eagle Taxi,San Francisco,CA
Alpha Cab,Los Angeles,CA
Premier Rides,Chicago,IL
Alpha Cab,St. Louis,MO
Alpha Cab,Washington,DC
Golden Cab,New York,NY
Urban Cabs,Seattle,WA
Alpha Cab,New York,NY
Elite Taxi,Chicago,IL
Green Cab,Phoenix,AZ
Royal Cab,Washington,DC
Golden Cab,Atlanta,GA
First Choice Taxi,Phoenix,AZ
Premier Rides,New York,NY
Rapid Cab,Phoenix,AZ
Speedy Taxi,Miami,FL
City Cab,Phoenix,AZ
Eagle Taxi,Miami,FL
Metro Taxi,St. Louis,MO
First Choice Taxi,New York,NY
Comfort Ride,Miami,FL
City Cab,Phoenix,AZ
City Cab,St. Louis,MO
Town Car Service,Washington,DC
Liberty Taxi,San Francisco,CA
Eagle Taxi,Chicago,IL
Comfort Ride,St. Louis,MO
Rapid Cab,Miami,FL
Eagle Taxi,Seattle,WA
Star Taxi,Los Angeles,CA
Quick Ride,New York,NY
Express Cab,Atlanta,GA
Sunshine Taxi,Atlanta,GA
Quick Ride,Phoenix,AZ
Quick Ride,St. Louis,MO
Express Cab,New York,NY
Liberty Taxi,Atlanta,GA
Comfort Ride,Washington,DC
Liberty Taxi,Seattle,WA
BlueLine Taxi,St. Louis,MO
Sunshine Taxi,Los Angeles,CA
Quick Ride,St. Louis,MO
Quick Ride,Los Angeles,CA
TopRide Taxi,Washington,DC
Metro Taxi,New York,NY
BlueLine Taxi,Atlanta,GA
Rapid Cab,Los Angeles,CA
Star Taxi,Los Angeles,CA
Liberty Taxi,Washington,DC
Urban Cabs,Washington,DC
Best Taxi,New York,NY
First Choice Taxi,Seattle,WA
Yellow Cab,Atlanta,GA
Urban Cabs,New York,NY
Speedy Taxi,Atlanta,GA
Green Cab,St. Louis,MO
Rapid Cab,Los Angeles,CA
Premier Rides,New York,NY
Golden Cab,Los Angeles,CA
Rapid Cab,San Francisco,CA
Elite Taxi,Seattle,WA
TopRide Taxi,Phoenix,AZ
City Cab,Los Angeles,CA
Eagle Taxi,Los Angeles,CA
Best Taxi,Seattle,WA
Reliable Rides,Phoenix,AZ
Reliable Rides,Chicago,IL
Metro Taxi,Chicago,IL
Express Cab,New York,NY
Golden Cab,Chicago,IL
Premier Rides,San Francisco,CA
BlueLine Taxi,Los Angeles,CA
Liberty Taxi,Miami,FL
Sunshine Taxi,Los Angeles,CA
BlueLine Taxi,Atlanta,GA
Metro Taxi,Atlanta,GA
Speedy Taxi,Chicago,IL
First Choice Taxi,Chicago,IL
Speedy Taxi,Chicago,IL
Alpha Cab,St. Louis,MO
Golden Cab,Phoenix,AZ
Speedy Taxi,San Francisco,CA
Quick Ride,Phoenix,AZ
Rapid Cab,Washington,DC
Town Car Service,Miami,FL
Premier Rides,Atlanta,GA
Royal Cab,Atlanta,GA
Reliable Rides,Miami,FL
Star Taxi,San Francisco,CA
First Choice Taxi,Washington,DC
Sunshine Taxi,Phoenix,AZ
Comfort Ride,Seattle,WA
Urban Cabs,Seattle,WA
Liberty Taxi,Seattle,WA
Town Car Service,Washington,DC
Green Cab,New York,NY
Express Cab,Atlanta,GA
Royal Cab,New York,NY
Reliable Rides,Seattle,WA
Eagle Taxi,Atlanta,GA
Town Car Service,Atlanta,GA
Town Car Service,Atlanta,GA
Comfort Ride,Atlanta,GA
Metro Taxi,Seattle,WA
Express Cab,Los Angeles,CA
BlueLine Taxi,Washington,DC
Yellow Cab,Washington,DC
Town Car Service,Seattle,WA
TopRide Taxi,Seattle,WA
Green Cab,Chicago,IL
Premier Rides,New York,NY
Royal Cab,New York,NY
Best Taxi,San Francisco,CA
Comfort Ride,Atlanta,GA
Comfort Ride,Washington,DC
BlueLine Taxi,Miami,FL
Urban Cabs,St. Louis,MO
Reliable Rides,Phoenix,AZ
TopRide Taxi,New York,NY
Golden Cab,St. Louis,MO
Express Cab,Los Angeles,CA
Best Taxi,Los Angeles,CA
Premier Rides,Seattle,WA
Reliable Rides,Los Angeles,CA
Yellow Cab,Los Angeles,CA
Golden Cab,Phoenix,AZ
Express Cab,Los Angeles,CA
Liberty Taxi,Miami,FL
Town Car Service,Miami,FL
Elite Taxi,New York,NY
TopRide Taxi,Phoenix,AZ
Eagle Taxi,Washington,DC
Reliable Rides,Seattle,WA
Green Cab,San Francisco,CA
Comfort Ride,Seattle,WA
Quick Ride,Phoenix,AZ
Premier Rides,Phoenix,AZ
TopRide Taxi,San Francisco,CA
BlueLine Taxi,New York,NY
Speedy Taxi,San Francisco,CA
Elite Taxi,Washington,DC
Speedy Taxi,Washington,DC
Express Cab,Phoenix,AZ
Star Taxi,St. Louis,MO
Quick Ride,St. Louis,MO
Reliable Rides,Miami,FL
Royal Cab,St. Louis,MO
Golden Cab,San Francisco,CA
City Cab,Washington,DC
Star Taxi,Atlanta,GA
TopRide Taxi,Los Angeles,CA
Alpha Cab,Seattle,WA
Eagle Taxi,Washington,DC
Quick Ride,New York,NY
Town Car Service,San Francisco,CA
Green Cab,New York,NY
BlueLine Taxi,Atlanta,GA
Liberty Taxi,St. Louis,MO
Golden Cab,St. Louis,MO
Elite Taxi,Atlanta,GA
Best Taxi,New York,NY
Speedy Taxi,Miami,FL
City Cab,Chicago,IL
Town Car Service,Miami,FL
Star Taxi,New York,NY
Green Cab,Miami,FL
First Choice Taxi,Miami,FL
Comfort Ride,St. Louis,MO
Town Car Service,Washington,DC
Eagle Taxi,Chicago,IL
Sunshine Taxi,Miami,FL
Royal Cab,St. Louis,MO
Reliable Rides,Chicago,IL
Metro Taxi,St. Louis,MO
Elite Taxi,Chicago,IL
Speedy Taxi,Phoenix,AZ
Reliable Rides,Seattle,WA
TopRide Taxi,Atlanta,GA
City Cab,St. Louis,MO
Express Cab,New York,NY
Quick Ride,Phoenix,AZ
TopRide Taxi,San Francisco,CA
Elite Taxi,San Francisco,CA
Comfort Ride,Washington,DC
Speedy Taxi,Los Angeles,CA
Metro Taxi,Atlanta,GA
Star Taxi,Washington,DC
Eagle Taxi,Phoenix,AZ
Eagle Taxi,Chicago,IL
Eagle Taxi,Washington,DC
Town Car Service,Phoenix,AZ
Alpha Cab,Los Angeles,CA
Town Car Service,Seattle,WA
Speedy Taxi,Phoenix,AZ
Quick Ride,St. Louis,MO
Royal Cab,Los Angeles,CA
Town Car Service,Chicago,IL
City Cab,Atlanta,GA
City Cab,Phoenix,AZ
Golden Cab,Washington,DC
Star Taxi,Atlanta,GA
Star Taxi,Washington,DC
TopRide Taxi,Chicago,IL
Rapid Cab,Atlanta,GA
Urban Cabs,New York,NY
Green Cab,Seattle,WA
Liberty Taxi,Washington,DC
Urban Cabs,Los Angeles,CA
Eagle Taxi,Washington,DC
Royal Cab,Atlanta,GA
Rapid Cab,Los Angeles,CA
Urban Cabs,Phoenix,AZ
Town Car Service,Phoenix,AZ
Express Cab,New York,NY
Liberty Taxi,Los Angeles,CA
Liberty Taxi,Phoenix,AZ
Quick Ride,New York,NY
Quick Ride,St. Louis,MO
Express Cab,Los Angeles,CA
First Choice Taxi,Miami,FL
Rapid Cab,San Francisco,CA
Green Cab,Los Angeles,CA
Metro Taxi,Phoenix,AZ
Rapid Cab,San Francisco,CA
Premier Rides,Seattle,WA
Best Taxi,Washington,DC
Express Cab,Miami,FL
Premier Rides,Seattle,WA
Eagle Taxi,St. Louis,MO
Quick Ride,Atlanta,GA
Best Taxi,St. Louis,MO
Metro Taxi,Atlanta,GA
Golden Cab,Washington,DC
Express Cab,Miami,FL
Liberty Taxi,Washington,DC
Yellow Cab,Miami,FL
City Cab,Seattle,WA
Star Taxi,Seattle,WA
Town Car Service,St. Louis,MO
Rapid Cab,Miami,FL
Sunshine Taxi,New York,NY
Rapid Cab,Atlanta,GA
First Choice Taxi,Seattle,WA
Sunshine Taxi,Atlanta,GA
Liberty Taxi,Los Angeles,CA
BlueLine Taxi,Phoenix,AZ
Sunshine Taxi,New York,NY
TopRide Taxi,St. Louis,MO
City Cab,Chicago,IL
Royal Cab,New York,NY
Town Car Service,Miami,FL
Star Taxi,New York,NY
Star Taxi,New York,NY
Liberty Taxi,Miami,FL
Premier Rides,Atlanta,GA
Urban Cabs,San Francisco,CA
Express Cab,Miami,FL
Best Taxi,Miami,FL
Elite Taxi,Phoenix,AZ
Speedy Taxi,St. Louis,MO
Rapid Cab,Seattle,WA
Eagle Taxi,Miami,FL
Best Taxi,Los Angeles,CA
Reliable Rides,Seattle,WA
Premier Rides,Miami,FL
Comfort Ride,New York,NY
Comfort Ride,Miami,FL
Sunshine Taxi,Washington,DC
Star Taxi,Los Angeles,CA
Star Taxi,Chicago,IL
Premier Rides,St. Louis,MO
Green Cab,St. Louis,MO
Premier Rides,Washington,DC
BlueLine Taxi,Chicago,IL
Yellow Cab,Atlanta,GA
Premier Rides,Washington,DC
Alpha Cab,Seattle,WA
Best Taxi,Atlanta,GA
Reliable Rides,Seattle,WA
BlueLine Taxi,Seattle,WA
Alpha Cab,San Francisco,CA
Quick Ride,St. Louis,MO
Yellow Cab,Phoenix,AZ
Green Cab,San Francisco,CA
Speedy Taxi,Seattle,WA
First Choice Taxi,Chicago,IL
Eagle Taxi,Chicago,IL
Rapid Cab,St. Louis,MO
Alpha Cab,San Francisco,CA
City Cab,Washington,DC
Liberty Taxi,Miami,FL
Star Taxi,Miami,FL
Golden Cab,Los Angeles,CA
Speedy Taxi,Miami,FL
Quick Ride,Phoenix,AZ
Eagle Taxi,Washington,DC
Royal Cab,New York,NY
Quick Ride,San Francisco,CA
TopRide Taxi,St. Louis,MO
Alpha Cab,Chicago,IL
City Cab,Los Angeles,CA
Best Taxi,Seattle,WA
Yellow Cab,Chicago,IL
Elite Taxi,Los Angeles,CA
Express Cab,Phoenix,AZ
Alpha Cab,Seattle,WA
Yellow Cab,Washington,DC
Best Taxi,Seattle,WA
Metro Taxi,St. Louis,MO
Eagle Taxi,Atlanta,GA
Green Cab,St. Louis,MO
Quick Ride,Atlanta,GA
Rapid Cab,St. Louis,MO
Best Taxi,Los Angeles,CA
City Cab,Atlanta,GA
Royal Cab,Phoenix,AZ
Elite Taxi,St. Louis,MO
TopRide Taxi,Chicago,IL
First Choice Taxi,St. Louis,MO
Town Car Service,Washington,DC
Best Taxi,Seattle,WA
Green Cab,Atlanta,GA
Quick Ride,San Francisco,CA
Sunshine Taxi,Miami,FL
BlueLine Taxi,Washington,DC
Town Car Service,Atlanta,GA
Premier Rides,Los Angeles,CA
Best Taxi,Chicago,IL
Yellow Cab,Washington,DC
Metro Taxi,St. Louis,MO
Metro Taxi,St. Louis,MO
Speedy Taxi,Washington,DC
Star Taxi,Washington,DC
City Cab,New York,NY
Rapid Cab,Phoenix,AZ
Green Cab,New York,NY
Sunshine Taxi,Phoenix,AZ
Rapid Cab,Chicago,IL
Golden Cab,St. Louis,MO
Premier Rides,Miami,FL
Star Taxi,Atlanta,GA
Golden Cab,San Francisco,CA
Express Cab,Miami,FL
TopRide Taxi,Atlanta,GA
BlueLine Taxi,Miami,FL
Speedy Taxi,Atlanta,GA
Best Taxi,St. Louis,MO
TopRide Taxi,Chicago,IL
Comfort Ride,Chicago,IL
Premier Rides,Phoenix,AZ
Rapid Cab,Phoenix,AZ
Premier Rides,Atlanta,GA
Comfort Ride,St. Louis,MO
City Cab,San Francisco,CA
Royal Cab,St. Louis,MO
Liberty Taxi,St. Louis,MO
Town Car Service,Atlanta,GA
Best Taxi,Chicago,IL
Express Cab,Washington,DC
Town Car Service,Washington,DC
Town Car Service,Seattle,WA
Speedy Taxi,New York,NY
Reliable Rides,Atlanta,GA
Urban Cabs,Los Angeles,CA
Quick Ride,New York,NY
BlueLine Taxi,New York,NY
Reliable Rides,Phoenix,AZ
Reliable Rides,New York,NY
Comfort Ride,Phoenix,AZ
Rapid Cab,Chicago,IL
BlueLine Taxi,Atlanta,GA
Royal Cab,Chicago,IL
First Choice Taxi,Seattle,WA
Liberty Taxi,Phoenix,AZ
Liberty Taxi,Phoenix,AZ
Rapid Cab,Seattle,WA
Best Taxi,Seattle,WA
Comfort Ride,Los Angeles,CA
Green Cab,Los Angeles,CA
Reliable Rides,Seattle,WA
Sunshine Taxi,Seattle,WA
Golden Cab,Washington,DC
Reliable Rides,Miami,FL
Premier Rides,Seattle,WA
Metro Taxi,Miami,FL
Rapid Cab,Atlanta,GA
City Cab,New York,NY
City Cab,Washington,DC
Express Cab,New York,NY
BlueLine Taxi,Atlanta,GA
Royal Cab,Seattle,WA
Best Taxi,Miami,FL
Premier Rides,Miami,FL
Golden Cab,Washington,DC
Green Cab,Phoenix,AZ
Liberty Taxi,San Francisco,CA
Sunshine Taxi,Washington,DC
Quick Ride,Washington,DC
First Choice Taxi,Washington,DC
Premier Rides,Washington,DC
BlueLine Taxi,Los Angeles,CA
Urban Cabs,New York,NY
BlueLine Taxi,New York,NY
TopRide Taxi,Atlanta,GA
Metro Taxi,San Francisco,CA
Urban Cabs,Miami,FL
First Choice Taxi,Los Angeles,CA
Premier Rides,Chicago,IL
TopRide Taxi,Phoenix,AZ
BlueLine Taxi,Seattle,WA
City Cab,Washington,DC
Sunshine Taxi,Washington,DC
Golden Cab,San Francisco,CA
City Cab,Miami,FL
Metro Taxi,Phoenix,AZ
Town Car Service,Chicago,IL
Alpha Cab,New York,NY
Town Car Service,Washington,DC
Sunshine Taxi,St. Louis,MO
Golden Cab,Atlanta,GA
Liberty Taxi,St. Louis,MO
Reliable Rides,Seattle,WA
Eagle Taxi,Washington,DC
Express Cab,Phoenix,AZ
Golden Cab,Los Angeles,CA
Green Cab,Phoenix,AZ
Eagle Taxi,San Francisco,CA
Golden Cab,Atlanta,GA
Town Car Service,Miami,FL
Alpha Cab,Seattle,WA
Yellow Cab,St. Louis,MO
Star Taxi,San Francisco,CA
First Choice Taxi,New York,NY
Premier Rides,St. Louis,MO
Metro Taxi,Chicago,IL
First Choice Taxi,Chicago,IL
Comfort Ride,Phoenix,AZ
Speedy Taxi,Phoenix,AZ
City Cab,Atlanta,GA
TopRide Taxi,Atlanta,GA
Rapid Cab,Phoenix,AZ
Premier Rides,Seattle,WA
Sunshine Taxi,San Francisco,CA
Sunshine Taxi,Seattle,WA
Elite Taxi,New York,NY
City Cab,Los Angeles,CA
Reliable Rides,Seattle,WA
Rapid Cab,Phoenix,AZ
TopRide Taxi,Miami,FL
Rapid Cab,New York,NY
Golden Cab,Miami,FL
Royal Cab,New York,NY
First Choice Taxi,Phoenix,AZ
City Cab,Miami,FL
Rapid Cab,Miami,FL
Metro Taxi,Los Angeles,CA
Royal Cab,Miami,FL
Royal Cab,Phoenix,AZ
Alpha Cab,Seattle,WA
Sunshine Taxi,St. Louis,MO
Town Car Service,Chicago,IL
Express Cab,Atlanta,GA
Speedy Taxi,St. Louis,MO
Golden Cab,New York,NY
Comfort Ride,Atlanta,GA
Yellow Cab,Phoenix,AZ
Premier Rides,Miami,FL
Alpha Cab,Washington,DC
Alpha Cab,Phoenix,AZ
Quick Ride,Washington,DC
Comfort Ride,San Francisco,CA
Elite Taxi,Washington,DC
Sunshine Taxi,St. Louis,MO
Best Taxi,Seattle,WA
Comfort Ride,San Francisco,CA
Express Cab,Miami,FL
Golden Cab,Phoenix,AZ
Golden Cab,Chicago,IL
Metro Taxi,Atlanta,GA
Speedy Taxi,Chicago,IL
Green Cab,Seattle,WA
BlueLine Taxi,Los Angeles,CA
Express Cab,New York,NY
Quick Ride,Miami,FL
Urban Cabs,New York,NY
First Choice Taxi,Atlanta,GA
Royal Cab,St. Louis,MO
Golden Cab,Washington,DC
Sunshine Taxi,Phoenix,AZ
Quick Ride,Washington,DC
Star Taxi,St. Louis,MO
Town Car Service,Atlanta,GA
Rapid Cab,Phoenix,AZ
Best Taxi,Washington,DC
Best Taxi,St. Louis,MO
Quick Ride,New York,NY
Liberty Taxi,Seattle,WA
Reliable Rides,Chicago,IL
Premier Rides,Phoenix,AZ
Urban Cabs,New York,NY
Metro Taxi,San Francisco,CA
Eagle Taxi,Miami,FL
Royal Cab,Washington,DC
Express Cab,Seattle,WA
TopRide Taxi,Miami,FL
Star Taxi,Washington,DC
BlueLine Taxi,Chicago,IL
Sunshine Taxi,Los Angeles,CA
TopRide Taxi,Seattle,WA
Star Taxi,Seattle,WA
Metro Taxi,Washington,DC
Royal Cab,Seattle,WA
Royal Cab,Atlanta,GA
Golden Cab,Atlanta,GA
First Choice Taxi,San Francisco,CA
City Cab,St. Louis,MO
Metro Taxi,Miami,FL
Premier Rides,Washington,DC
Speedy Taxi,Chicago,IL
Town Car Service,Phoenix,AZ
Golden Cab,New York,NY
Premier Rides,Atlanta,GA
Liberty Taxi,New York,NY
Speedy Taxi,Phoenix,AZ
Urban Cabs,St. Louis,MO
Star Taxi,Miami,FL
Reliable Rides,New York,NY
BlueLine Taxi,St. Louis,MO
First Choice Taxi,New York,NY
Sunshine Taxi,Los Angeles,CA
Metro Taxi,St. Louis,MO
Express Cab,Washington,DC
Metro Taxi,Los Angeles,CA
Urban Cabs,Los Angeles,CA
Metro Taxi,Washington,DC
Best Taxi,Washington,DC
Metro Taxi,Seattle,WA
City Cab,Seattle,WA
Metro Taxi,St. Louis,MO
Sunshine Taxi,Miami,FL
Speedy Taxi,Chicago,IL
Premier Rides,Atlanta,GA
Quick Ride,San Francisco,CA
Green Cab,New York,NY
Star Taxi,Phoenix,AZ
Speedy Taxi,Miami,FL
Reliable Rides,Atlanta,GA
Royal Cab,St. Louis,MO
Eagle Taxi,St. Louis,MO
Alpha Cab,New York,NY
Eagle Taxi,New York,NY
Comfort Ride,Phoenix,AZ
Urban Cabs,Miami,FL
Urban Cabs,Washington,DC
Star Taxi,Seattle,WA
Best Taxi,Los Angeles,CA
BlueLine Taxi,Miami,FL
Premier Rides,Washington,DC
Urban Cabs,St. Louis,MO
TopRide Taxi,Los Angeles,CA
City Cab,Miami,FL
Comfort Ride,St. Louis,MO
Green Cab,Los Angeles,CA
BlueLine Taxi,Seattle,WA
BlueLine Taxi,St. Louis,MO
Best Taxi,St. Louis,MO
TopRide Taxi,San Francisco,CA
Liberty Taxi,Chicago,IL
Sunshine Taxi,Atlanta,GA
First Choice Taxi,Los Angeles,CA
First Choice Taxi,San Francisco,CA
Urban Cabs,Seattle,WA
Rapid Cab,Atlanta,GA
Comfort Ride,Los Angeles,CA
Star Taxi,Seattle,WA
Express Cab,New York,NY
Best Taxi,New York,NY
Town Car Service,San Francisco,CA
Comfort Ride,Washington,DC
City Cab,San Francisco,CA
First Choice Taxi,Miami,FL
Elite Taxi,San Francisco,CA
Comfort Ride,Miami,FL
BlueLine Taxi,Washington,DC
BlueLine Taxi,Seattle,WA
BlueLine Taxi,Phoenix,AZ
Comfort Ride,St. Louis,MO
Golden Cab,Miami,FL
Metro Taxi,Los Angeles,CA
Sunshine Taxi,Atlanta,GA
Star Taxi,St. Louis,MO
Golden Cab,Washington,DC
Yellow Cab,San Francisco,CA
Speedy Taxi,San Francisco,CA
Urban Cabs,Los Angeles,CA
Premier Rides,Atlanta,GA
Reliable Rides,Phoenix,AZ
City Cab,St. Louis,MO
Reliable Rides,Atlanta,GA
Town Car Service,Atlanta,GA
Elite Taxi,Los Angeles,CA
Royal Cab,Chicago,IL
Reliable Rides,San Francisco,CA
Premier Rides,Washington,DC
Urban Cabs,New York,NY
Metro Taxi,St. Louis,MO
Comfort Ride,Chicago,IL
Town Car Service,Atlanta,GA
Metro Taxi,Los Angeles,CA
Quick Ride,Phoenix,AZ
TopRide Taxi,Miami,FL
Town Car Service,Miami,FL
Speedy Taxi,Miami,FL
Sunshine Taxi,Los Angeles,CA
Urban Cabs,New York,NY
City Cab,Seattle,WA
Reliable Rides,Seattle,WA
Star Taxi,Phoenix,AZ
Best Taxi,Phoenix,AZ
Best Taxi,Seattle,WA
Green Cab,Washington,DC
Sunshine Taxi,New York,NY
Metro Taxi,Phoenix,AZ
Town Car Service,Phoenix,AZ
Eagle Taxi,Miami,FL
Express Cab,Phoenix,AZ
Metro Taxi,Miami,FL
Star Taxi,Los Angeles,CA
Royal Cab,Atlanta,GA
Metro Taxi,Miami,FL
Express Cab,Washington,DC
Royal Cab,Washington,DC
Premier Rides,Los Angeles,CA
First Choice Taxi,Chicago,IL
TopRide Taxi,St. Louis,MO
Reliable Rides,Chicago,IL
Royal Cab,St. Louis,MO
City Cab,Phoenix,AZ
Urban Cabs,Los Angeles,CA
Premier Rides,New York,NY
Star Taxi,Phoenix,AZ
Metro Taxi,St. Louis,MO
Elite Taxi,Phoenix,AZ
Golden Cab,Atlanta,GA
Express Cab,San Francisco,CA
Green Cab,St. Louis,MO
Alpha Cab,Seattle,WA
First Choice Taxi,New York,NY
Alpha Cab,Washington,DC
Best Taxi,St. Louis,MO
Royal Cab,Chicago,IL
Alpha Cab,San Francisco,CA
Quick Ride,Phoenix,AZ
Metro Taxi,San Francisco,CA
Yellow Cab,Atlanta,GA
Royal Cab,Phoenix,AZ
Green Cab,Los Angeles,CA
Sunshine Taxi,Miami,FL
Golden Cab,Miami,FL
Express Cab,Miami,FL
Liberty Taxi,Atlanta,GA
Speedy Taxi,St. Louis,MO
Quick Ride,Miami,FL
Golden Cab,Phoenix,AZ
Urban Cabs,Los Angeles,CA
Rapid Cab,Phoenix,AZ
First Choice Taxi,St. Louis,MO
Reliable Rides,New York,NY
Express Cab,St. Louis,MO
TopRide Taxi,Los Angeles,CA
BlueLine Taxi,Chicago,IL
Rapid Cab,Miami,FL
Yellow Cab,Miami,FL
Golden Cab,Seattle,WA
Eagle Taxi,Atlanta,GA
Premier Rides,New York,NY
Best Taxi,Phoenix,AZ
Rapid Cab,San Francisco,CA
Quick Ride,Chicago,IL
Reliable Rides,Los Angeles,CA
Yellow Cab,Chicago,IL
First Choice Taxi,New York,NY
City Cab,Chicago,IL
Elite Taxi,Atlanta,GA
Star Taxi,Phoenix,AZ
Star Taxi,Miami,FL
Speedy Taxi,Phoenix,AZ
