Hotel Name,City,State,Nearest Airport 1,Distance to Airport 1 (miles),Nearest Airport 2,Distance to Airport 2 (miles),Nearest Airport 3,Distance to Airport 3 (miles),Average Price per Night (USD)
Mountain Peak Lodge,Atlanta,GA,ATL,37.7,PBI,49.2,BHM,3.1,237.96
Grand Plaza,St. Louis,MO,STL,34.5,CPS,29.8,BLV,19.4,151.26
Central Park Inn,New York,NY,JFK,22.7,LGA,15.7,EWR,31.4,109.06
Golden Gate Hotel,New York,NY,JFK,42.7,LGA,6.8,EWR,22.4,110.5
Ocean View Hotel,Phoenix,AZ,PHX,49.7,AZA,31.2,SDL,11.4,119.15
Bay Area Hotel,Miami,FL,MIA,14.3,FLL,26.1,PBI,46.2,265.08
Capitol Stay,Chicago,IL,ORD,15.6,MDW,9.0,RFD,43.4,120.36
Garden Court Hotel,Washington,DC,DCA,6.8,IAD,3.5,BWI,33.3,257.71
Broadway Hotel,Los Angeles,CA,LAX,36.9,BUR,37.4,LGB,5.1,195.35
Grand Plaza,San Francisco,CA,SFO,18.2,OAK,34.6,SJC,33.2,120.63
Urban Retreat,St. Louis,MO,STL,32.2,CPS,4.2,BLV,7.7,275.67
Central Park Inn,Miami,FL,MIA,8.9,FLL,4.4,PBI,49.8,203.61
Maple Leaf Lodge,Seattle,WA,SEA,46.7,PAE,14.1,BFI,39.3,134.12
Metro Inn,Los Angeles,CA,LAX,40.9,BUR,37.2,LGB,27.2,203.24
Riverfront Hotel,New York,NY,JFK,22.6,LGA,43.7,EWR,30.5,232.52
Lakeside Inn,New York,NY,JFK,11.7,LGA,18.9,EWR,23.9,255.32
Pine Tree Inn,Atlanta,GA,ATL,49.2,PBI,5.8,BHM,42.9,116.89
Sunset Inn,Los Angeles,CA,LAX,45.7,BUR,1.6,LGB,18.6,242.96
Palm Grove Hotel,New York,NY,JFK,14.7,LGA,25.2,EWR,13.8,132.0
Sunset Inn,Miami,FL,MIA,34.4,FLL,36.0,PBI,11.0,298.42
Emerald Isle Hotel,Los Angeles,CA,LAX,11.7,BUR,19.6,LGB,16.0,146.28
Central Park Inn,Atlanta,GA,ATL,8.2,PBI,9.3,BHM,19.7,233.38
Urban Retreat,Miami,FL,MIA,11.0,FLL,18.5,PBI,33.2,268.05
Pine Tree Inn,Miami,FL,MIA,16.5,FLL,30.2,PBI,38.9,136.75
Grand Plaza,Chicago,IL,ORD,2.7,MDW,14.3,RFD,40.2,273.3
Desert Resort,Atlanta,GA,ATL,18.3,PBI,18.3,BHM,20.2,191.65
City Center Lodge,Phoenix,AZ,PHX,38.3,AZA,4.4,SDL,40.9,220.96
Palm Grove Hotel,Los Angeles,CA,LAX,1.0,BUR,14.5,LGB,28.7,230.32
Riverfront Hotel,Miami,FL,MIA,20.8,FLL,40.4,PBI,44.5,203.07
Maple Leaf Lodge,Atlanta,GA,ATL,44.6,PBI,32.1,BHM,31.0,207.32
Urban Retreat,Los Angeles,CA,LAX,28.6,BUR,19.8,LGB,33.9,283.43
Garden Court Hotel,Atlanta,GA,ATL,34.4,PBI,30.1,BHM,20.8,158.63
Riverfront Hotel,Chicago,IL,ORD,6.3,MDW,24.5,RFD,31.1,269.51
Lakeside Inn,San Francisco,CA,SFO,25.7,OAK,47.4,SJC,38.4,109.73
Garden Court Hotel,New York,NY,JFK,37.3,LGA,10.1,EWR,33.2,178.09
Palm Grove Hotel,Atlanta,GA,ATL,18.4,PBI,21.9,BHM,29.2,243.23
Sapphire Hotel,St. Louis,MO,STL,49.0,CPS,46.9,BLV,22.8,121.51
Grand Plaza,San Francisco,CA,SFO,17.7,OAK,8.2,SJC,17.7,103.35
Urban Retreat,Phoenix,AZ,PHX,48.8,AZA,16.1,SDL,22.8,245.7
Maple Leaf Lodge,Phoenix,AZ,PHX,19.0,AZA,25.4,SDL,40.6,206.11
Skyline Suites,Atlanta,GA,ATL,34.3,PBI,22.8,BHM,37.3,199.37
Coastal Breeze Hotel,Seattle,WA,SEA,23.5,PAE,1.3,BFI,15.6,261.19
Capitol Stay,Los Angeles,CA,LAX,4.6,BUR,14.0,LGB,31.8,259.33
Maple Leaf Lodge,Chicago,IL,ORD,20.2,MDW,48.1,RFD,3.7,273.42
Lakeside Inn,San Francisco,CA,SFO,22.3,OAK,18.3,SJC,49.7,282.41
Ocean View Hotel,Washington,DC,DCA,21.2,IAD,48.7,BWI,48.6,295.01
Sapphire Hotel,Phoenix,AZ,PHX,29.5,AZA,37.0,SDL,20.6,216.55
Ocean View Hotel,Phoenix,AZ,PHX,37.2,AZA,10.8,SDL,46.3,185.79
Palm Grove Hotel,Phoenix,AZ,PHX,2.9,AZA,2.9,SDL,39.4,131.74
Lakeside Inn,Chicago,IL,ORD,16.2,MDW,47.8,RFD,23.8,102.59
Lakeside Inn,San Francisco,CA,SFO,10.2,OAK,30.3,SJC,41.9,108.57
Golden Gate Hotel,Los Angeles,CA,LAX,45.9,BUR,18.2,LGB,0.9,271.37
Mountain Peak Lodge,Washington,DC,DCA,6.0,IAD,24.7,BWI,24.7,292.34
Lakeside Inn,Atlanta,GA,ATL,33.2,PBI,24.0,BHM,47.6,296.09
Riverfront Hotel,Phoenix,AZ,PHX,26.0,AZA,23.7,SDL,7.5,238.75
Ocean View Hotel,Miami,FL,MIA,15.2,FLL,26.8,PBI,36.9,243.41
Ocean View Hotel,San Francisco,CA,SFO,37.5,OAK,9.8,SJC,27.4,142.16
Mountain Peak Lodge,New York,NY,JFK,27.5,LGA,19.2,EWR,45.8,235.43
Sapphire Hotel,Phoenix,AZ,PHX,20.4,AZA,9.4,SDL,35.6,247.0
Capitol Stay,Washington,DC,DCA,49.7,IAD,23.2,BWI,17.6,111.41
Ocean View Hotel,San Francisco,CA,SFO,45.8,OAK,5.4,SJC,21.0,185.96
Pine Tree Inn,Phoenix,AZ,PHX,5.6,AZA,31.1,SDL,23.9,268.12
Mountain Peak Lodge,Atlanta,GA,ATL,29.9,PBI,8.1,BHM,33.3,265.01
Golden Gate Hotel,Seattle,WA,SEA,21.7,PAE,6.9,BFI,1.9,100.95
Riverfront Hotel,New York,NY,JFK,45.9,LGA,29.7,EWR,0.9,188.2
Lakeside Inn,San Francisco,CA,SFO,42.8,OAK,17.7,SJC,13.5,280.64
Metro Inn,New York,NY,JFK,36.9,LGA,17.2,EWR,15.8,140.14
Capitol Stay,St. Louis,MO,STL,19.1,CPS,2.9,BLV,6.6,291.32
Golden Gate Hotel,Atlanta,GA,ATL,19.2,PBI,40.0,BHM,46.7,226.23
Ocean View Hotel,Seattle,WA,SEA,40.8,PAE,37.9,BFI,7.0,123.16
Coastal Breeze Hotel,San Francisco,CA,SFO,43.9,OAK,11.4,SJC,32.3,126.18
Desert Resort,Atlanta,GA,ATL,18.6,PBI,30.1,BHM,12.2,253.93
Metro Inn,New York,NY,JFK,8.5,LGA,29.1,EWR,32.3,265.56
Lakeside Inn,Chicago,IL,ORD,11.4,MDW,42.4,RFD,36.0,109.72
Central Park Inn,San Francisco,CA,SFO,45.2,OAK,38.5,SJC,38.3,264.07
Bay Area Hotel,Atlanta,GA,ATL,49.9,PBI,22.8,BHM,22.8,260.73
Ocean View Hotel,New York,NY,JFK,22.2,LGA,22.4,EWR,15.4,162.16
Capitol Stay,Los Angeles,CA,LAX,29.6,BUR,45.5,LGB,39.1,135.37
Lakeside Inn,Chicago,IL,ORD,9.7,MDW,38.7,RFD,6.2,223.52
Coastal Breeze Hotel,Seattle,WA,SEA,25.4,PAE,16.5,BFI,6.5,145.4
Capitol Stay,San Francisco,CA,SFO,41.3,OAK,49.2,SJC,11.3,116.83
Ocean View Hotel,Miami,FL,MIA,17.6,FLL,16.1,PBI,28.5,222.07
Harbor View Hotel,Los Angeles,CA,LAX,48.2,BUR,6.8,LGB,15.7,279.42
Crystal Waters Hotel,St. Louis,MO,STL,8.3,CPS,31.7,BLV,8.0,266.59
Bay Area Hotel,Los Angeles,CA,LAX,3.5,BUR,42.7,LGB,14.7,231.01
Capitol Stay,Los Angeles,CA,LAX,33.7,BUR,34.7,LGB,34.1,175.03
Lakeside Inn,Miami,FL,MIA,46.2,FLL,19.1,PBI,29.8,167.27
Bay Area Hotel,San Francisco,CA,SFO,4.8,OAK,49.2,SJC,2.6,188.85
Maple Leaf Lodge,Los Angeles,CA,LAX,10.9,BUR,32.8,LGB,20.3,224.78
Golden Gate Hotel,New York,NY,JFK,8.2,LGA,48.0,EWR,1.2,153.03
Central Park Inn,Los Angeles,CA,LAX,27.5,BUR,32.8,LGB,27.3,252.79
Palm Grove Hotel,Atlanta,GA,ATL,3.0,PBI,21.6,BHM,15.6,172.56
Lakeside Inn,Los Angeles,CA,LAX,4.6,BUR,15.2,LGB,8.9,154.73
City Center Lodge,Miami,FL,MIA,49.6,FLL,47.1,PBI,21.7,257.51
Broadway Hotel,Seattle,WA,SEA,46.5,PAE,33.8,BFI,7.0,172.75
Capitol Stay,Phoenix,AZ,PHX,30.4,AZA,4.7,SDL,38.9,299.74
Riverfront Hotel,Phoenix,AZ,PHX,5.1,AZA,37.5,SDL,49.8,260.45
Coastal Breeze Hotel,Atlanta,GA,ATL,13.0,PBI,25.1,BHM,19.5,187.54
Maple Leaf Lodge,Atlanta,GA,ATL,42.1,PBI,12.9,BHM,18.6,208.7
Golden Gate Hotel,Atlanta,GA,ATL,1.5,PBI,9.4,BHM,37.8,248.68
Coastal Breeze Hotel,New York,NY,JFK,25.1,LGA,44.4,EWR,37.2,272.78
Metro Inn,Atlanta,GA,ATL,38.5,PBI,33.3,BHM,31.3,195.59
Ocean View Hotel,Seattle,WA,SEA,6.8,PAE,47.5,BFI,9.9,191.36
Mountain Peak Lodge,Washington,DC,DCA,45.2,IAD,1.0,BWI,48.0,191.5
Emerald Isle Hotel,Seattle,WA,SEA,12.4,PAE,34.6,BFI,13.0,118.87
Garden Court Hotel,Los Angeles,CA,LAX,10.4,BUR,3.9,LGB,48.4,198.84
Golden Gate Hotel,San Francisco,CA,SFO,44.4,OAK,5.9,SJC,2.0,122.97
Lakeside Inn,Chicago,IL,ORD,19.1,MDW,18.4,RFD,7.3,154.19
Metro Inn,Washington,DC,DCA,31.9,IAD,14.7,BWI,8.4,229.83
Sunset Inn,Washington,DC,DCA,26.0,IAD,33.1,BWI,37.6,196.14
Riverfront Hotel,Phoenix,AZ,PHX,30.1,AZA,15.1,SDL,28.5,297.1
Sapphire Hotel,San Francisco,CA,SFO,37.8,OAK,7.5,SJC,30.9,166.6
Bay Area Hotel,Chicago,IL,ORD,42.5,MDW,13.5,RFD,12.0,206.83
Lakeside Inn,Chicago,IL,ORD,5.1,MDW,47.2,RFD,43.7,185.36
Skyline Suites,Los Angeles,CA,LAX,32.9,BUR,25.3,LGB,1.3,289.0
Skyline Suites,Seattle,WA,SEA,0.8,PAE,46.4,BFI,28.3,134.67
Golden Gate Hotel,Miami,FL,MIA,28.0,FLL,19.8,PBI,28.6,226.54
Desert Resort,St. Louis,MO,STL,37.2,CPS,43.2,BLV,12.6,255.83
Coastal Breeze Hotel,Seattle,WA,SEA,34.8,PAE,20.3,BFI,18.7,130.15
Sunset Inn,Atlanta,GA,ATL,12.4,PBI,34.2,BHM,1.0,144.41
Golden Gate Hotel,Seattle,WA,SEA,31.2,PAE,12.1,BFI,13.9,247.42
Skyline Suites,Miami,FL,MIA,23.2,FLL,31.2,PBI,35.4,164.91
Golden Gate Hotel,Atlanta,GA,ATL,40.5,PBI,14.7,BHM,35.4,216.4
Sunset Inn,Seattle,WA,SEA,23.1,PAE,36.3,BFI,18.1,249.55
Garden Court Hotel,San Francisco,CA,SFO,42.1,OAK,19.0,SJC,27.7,182.23
Crystal Waters Hotel,Chicago,IL,ORD,8.0,MDW,10.0,RFD,30.9,298.87
Capitol Stay,Chicago,IL,ORD,30.2,MDW,3.5,RFD,30.6,194.28
Desert Resort,San Francisco,CA,SFO,14.0,OAK,31.7,SJC,32.5,189.12
Palm Grove Hotel,Atlanta,GA,ATL,8.5,PBI,34.7,BHM,37.0,149.81
Skyline Suites,St. Louis,MO,STL,11.8,CPS,48.6,BLV,41.7,260.8
Garden Court Hotel,Atlanta,GA,ATL,19.2,PBI,43.1,BHM,22.7,179.51
Riverfront Hotel,Atlanta,GA,ATL,28.2,PBI,35.8,BHM,22.0,141.45
Urban Retreat,St. Louis,MO,STL,41.2,CPS,27.7,BLV,46.4,258.65
Riverfront Hotel,Phoenix,AZ,PHX,32.2,AZA,42.4,SDL,1.3,224.0
Sapphire Hotel,Chicago,IL,ORD,17.5,MDW,6.0,RFD,33.0,163.28
Coastal Breeze Hotel,New York,NY,JFK,49.1,LGA,41.0,EWR,32.0,273.43
Riverfront Hotel,Phoenix,AZ,PHX,12.7,AZA,28.0,SDL,26.8,239.52
Ocean View Hotel,Chicago,IL,ORD,44.5,MDW,33.1,RFD,48.2,113.48
Urban Retreat,Chicago,IL,ORD,36.9,MDW,48.3,RFD,18.7,165.6
Pine Tree Inn,Seattle,WA,SEA,14.1,PAE,38.2,BFI,26.8,189.08
Palm Grove Hotel,Chicago,IL,ORD,7.5,MDW,15.3,RFD,35.1,114.57
Skyline Suites,San Francisco,CA,SFO,18.4,OAK,43.5,SJC,41.9,164.39
Metro Inn,Chicago,IL,ORD,28.3,MDW,35.2,RFD,2.5,106.76
Grand Plaza,Atlanta,GA,ATL,43.2,PBI,35.5,BHM,12.7,106.13
Riverfront Hotel,St. Louis,MO,STL,10.7,CPS,39.8,BLV,39.1,231.3
Grand Plaza,Atlanta,GA,ATL,2.1,PBI,33.2,BHM,17.4,125.23
Lakeside Inn,Miami,FL,MIA,12.1,FLL,20.9,PBI,2.1,227.08
Capitol Stay,Washington,DC,DCA,4.2,IAD,38.0,BWI,48.9,119.68
Skyline Suites,Chicago,IL,ORD,14.5,MDW,34.9,RFD,38.4,183.09
Central Park Inn,Chicago,IL,ORD,7.6,MDW,23.0,RFD,47.3,142.45
Pine Tree Inn,San Francisco,CA,SFO,43.3,OAK,39.6,SJC,17.0,107.35
Crystal Waters Hotel,Chicago,IL,ORD,24.8,MDW,29.5,RFD,7.0,270.38
Maple Leaf Lodge,St. Louis,MO,STL,8.3,CPS,50.0,BLV,27.3,214.29
Broadway Hotel,Atlanta,GA,ATL,1.5,PBI,25.6,BHM,43.9,224.9
Sunset Inn,San Francisco,CA,SFO,19.8,OAK,22.7,SJC,10.0,252.69
Skyline Suites,Phoenix,AZ,PHX,19.4,AZA,21.5,SDL,19.4,203.84
Skyline Suites,Miami,FL,MIA,4.9,FLL,45.1,PBI,13.1,107.65
Lakeside Inn,Seattle,WA,SEA,36.7,PAE,23.4,BFI,14.8,261.22
Harbor View Hotel,New York,NY,JFK,23.4,LGA,19.3,EWR,36.6,149.11
Bay Area Hotel,Seattle,WA,SEA,46.3,PAE,2.1,BFI,2.8,264.55
Harbor View Hotel,Chicago,IL,ORD,38.2,MDW,24.9,RFD,39.1,164.31
Ocean View Hotel,Phoenix,AZ,PHX,17.5,AZA,9.6,SDL,11.4,126.26
Riverfront Hotel,Washington,DC,DCA,50.0,IAD,3.0,BWI,20.9,275.09
Ocean View Hotel,San Francisco,CA,SFO,15.7,OAK,19.5,SJC,27.7,241.28
Desert Resort,Chicago,IL,ORD,26.1,MDW,7.5,RFD,29.3,281.68
Broadway Hotel,Phoenix,AZ,PHX,47.8,AZA,4.7,SDL,18.6,278.25
Lakeside Inn,Seattle,WA,SEA,30.5,PAE,41.3,BFI,25.7,250.04
Riverfront Hotel,Phoenix,AZ,PHX,6.1,AZA,9.3,SDL,7.7,233.57
Harbor View Hotel,Seattle,WA,SEA,13.5,PAE,23.8,BFI,21.8,162.16
Ocean View Hotel,Miami,FL,MIA,34.8,FLL,31.6,PBI,41.9,241.77
Coastal Breeze Hotel,Miami,FL,MIA,23.5,FLL,34.4,PBI,46.7,189.13
Crystal Waters Hotel,New York,NY,JFK,39.2,LGA,35.1,EWR,34.1,188.49
Pine Tree Inn,San Francisco,CA,SFO,26.4,OAK,27.4,SJC,22.2,245.93
Coastal Breeze Hotel,Seattle,WA,SEA,37.0,PAE,25.4,BFI,23.7,271.22
Pine Tree Inn,Atlanta,GA,ATL,12.6,PBI,24.1,BHM,42.6,288.64
Urban Retreat,Miami,FL,MIA,2.0,FLL,4.9,PBI,14.6,268.19
Mountain Peak Lodge,Seattle,WA,SEA,13.8,PAE,38.7,BFI,43.1,101.23
Ocean View Hotel,Miami,FL,MIA,32.5,FLL,47.6,PBI,20.1,260.93
Desert Resort,Atlanta,GA,ATL,16.9,PBI,22.6,BHM,31.3,167.81
Garden Court Hotel,San Francisco,CA,SFO,35.1,OAK,19.9,SJC,37.9,125.54
Harbor View Hotel,Seattle,WA,SEA,20.0,PAE,48.6,BFI,24.2,170.94
Skyline Suites,St. Louis,MO,STL,4.6,CPS,41.7,BLV,22.8,227.68
Lakeside Inn,Washington,DC,DCA,38.8,IAD,22.3,BWI,46.7,206.26
Lakeside Inn,Phoenix,AZ,PHX,11.4,AZA,43.7,SDL,3.5,147.56
Emerald Isle Hotel,Phoenix,AZ,PHX,23.6,AZA,33.4,SDL,30.3,137.56
Emerald Isle Hotel,Chicago,IL,ORD,37.2,MDW,16.7,RFD,8.9,200.27
Garden Court Hotel,New York,NY,JFK,29.9,LGA,48.6,EWR,0.8,240.03
Riverfront Hotel,St. Louis,MO,STL,47.0,CPS,38.9,BLV,48.6,246.85
Coastal Breeze Hotel,Los Angeles,CA,LAX,13.3,BUR,17.4,LGB,41.6,243.94
Sapphire Hotel,Atlanta,GA,ATL,10.7,PBI,40.2,BHM,7.0,208.98
Sunset Inn,Washington,DC,DCA,38.8,IAD,41.2,BWI,38.2,278.64
Capitol Stay,Seattle,WA,SEA,9.4,PAE,32.3,BFI,38.1,238.53
Maple Leaf Lodge,St. Louis,MO,STL,38.3,CPS,37.6,BLV,10.4,255.25
Sunset Inn,Miami,FL,MIA,26.9,FLL,46.9,PBI,19.3,181.62
Urban Retreat,Chicago,IL,ORD,6.0,MDW,16.8,RFD,9.8,255.85
Crystal Waters Hotel,Phoenix,AZ,PHX,31.1,AZA,32.7,SDL,8.7,259.39
City Center Lodge,San Francisco,CA,SFO,19.9,OAK,22.9,SJC,6.4,264.51
Desert Resort,Phoenix,AZ,PHX,43.8,AZA,18.5,SDL,1.9,279.67
Lakeside Inn,Miami,FL,MIA,45.2,FLL,6.1,PBI,45.7,235.61
City Center Lodge,Chicago,IL,ORD,40.8,MDW,14.6,RFD,36.1,103.84
Pine Tree Inn,Phoenix,AZ,PHX,3.1,AZA,34.8,SDL,11.2,199.61
Lakeside Inn,Miami,FL,MIA,20.7,FLL,3.2,PBI,34.6,238.58
Maple Leaf Lodge,Chicago,IL,ORD,1.4,MDW,43.8,RFD,18.4,133.01
Skyline Suites,San Francisco,CA,SFO,45.6,OAK,18.4,SJC,2.8,112.7
Bay Area Hotel,Washington,DC,DCA,27.1,IAD,2.2,BWI,2.9,131.85
Sunset Inn,Washington,DC,DCA,22.7,IAD,23.2,BWI,26.8,242.27
Ocean View Hotel,Phoenix,AZ,PHX,8.7,AZA,36.2,SDL,29.6,260.37
Bay Area Hotel,San Francisco,CA,SFO,25.5,OAK,43.4,SJC,38.4,147.43
Harbor View Hotel,Seattle,WA,SEA,43.0,PAE,34.5,BFI,21.1,262.35
Coastal Breeze Hotel,San Francisco,CA,SFO,20.2,OAK,29.9,SJC,28.0,197.7
Bay Area Hotel,New York,NY,JFK,22.0,LGA,8.2,EWR,36.1,288.53
Broadway Hotel,Seattle,WA,SEA,9.0,PAE,9.0,BFI,23.0,124.88
Urban Retreat,Atlanta,GA,ATL,6.2,PBI,6.5,BHM,27.9,135.11
Bay Area Hotel,San Francisco,CA,SFO,42.1,OAK,33.4,SJC,15.3,148.97
Desert Resort,Chicago,IL,ORD,13.2,MDW,7.5,RFD,45.4,144.28
Sapphire Hotel,Los Angeles,CA,LAX,28.0,BUR,35.0,LGB,42.4,188.29
Sapphire Hotel,Washington,DC,DCA,29.3,IAD,40.5,BWI,10.2,264.56
Grand Plaza,New York,NY,JFK,20.7,LGA,7.1,EWR,30.6,265.65
Harbor View Hotel,San Francisco,CA,SFO,25.5,OAK,13.0,SJC,34.0,259.59
Urban Retreat,Seattle,WA,SEA,32.1,PAE,43.1,BFI,39.9,238.68
Riverfront Hotel,New York,NY,JFK,19.1,LGA,4.1,EWR,11.7,233.51
Coastal Breeze Hotel,St. Louis,MO,STL,10.9,CPS,20.6,BLV,42.8,215.89
City Center Lodge,San Francisco,CA,SFO,22.7,OAK,26.5,SJC,31.1,223.82
Maple Leaf Lodge,Seattle,WA,SEA,6.1,PAE,12.3,BFI,12.9,210.18
Grand Plaza,Seattle,WA,SEA,10.3,PAE,1.8,BFI,34.5,265.91
Skyline Suites,Atlanta,GA,ATL,33.4,PBI,36.7,BHM,3.0,276.55
Riverfront Hotel,New York,NY,JFK,14.0,LGA,3.6,EWR,21.1,227.85
Riverfront Hotel,Los Angeles,CA,LAX,10.3,BUR,48.3,LGB,1.9,249.21
Skyline Suites,San Francisco,CA,SFO,10.1,OAK,37.3,SJC,1.1,208.46
Coastal Breeze Hotel,Chicago,IL,ORD,7.8,MDW,25.6,RFD,42.8,156.2
Capitol Stay,Seattle,WA,SEA,37.4,PAE,12.0,BFI,12.8,264.9
Ocean View Hotel,Chicago,IL,ORD,16.6,MDW,25.6,RFD,15.9,177.51
Maple Leaf Lodge,Phoenix,AZ,PHX,38.8,AZA,3.8,SDL,37.7,115.01
Crystal Waters Hotel,Chicago,IL,ORD,14.3,MDW,33.9,RFD,43.8,232.91
Mountain Peak Lodge,San Francisco,CA,SFO,47.6,OAK,15.3,SJC,29.0,270.88
Broadway Hotel,Miami,FL,MIA,40.9,FLL,18.3,PBI,37.4,281.04
Central Park Inn,Washington,DC,DCA,1.6,IAD,43.9,BWI,48.5,135.52
Urban Retreat,Chicago,IL,ORD,38.7,MDW,6.2,RFD,39.1,122.98
City Center Lodge,Chicago,IL,ORD,21.3,MDW,11.4,RFD,46.7,150.2
Riverfront Hotel,Atlanta,GA,ATL,3.0,PBI,19.6,BHM,48.6,180.11
Maple Leaf Lodge,Atlanta,GA,ATL,40.6,PBI,46.0,BHM,28.2,225.06
Crystal Waters Hotel,Seattle,WA,SEA,3.7,PAE,47.6,BFI,19.4,253.1
Ocean View Hotel,Los Angeles,CA,LAX,39.0,BUR,40.8,LGB,39.2,176.68
Sunset Inn,Miami,FL,MIA,17.3,FLL,43.5,PBI,41.9,101.46
Metro Inn,St. Louis,MO,STL,4.5,CPS,21.1,BLV,32.8,103.05
Palm Grove Hotel,Washington,DC,DCA,26.1,IAD,33.1,BWI,11.9,168.04
Garden Court Hotel,Seattle,WA,SEA,34.9,PAE,38.9,BFI,36.3,230.66
Crystal Waters Hotel,Miami,FL,MIA,46.6,FLL,15.6,PBI,14.5,160.41
Broadway Hotel,Atlanta,GA,ATL,42.0,PBI,6.1,BHM,8.8,116.28
Sunset Inn,San Francisco,CA,SFO,20.0,OAK,4.7,SJC,22.2,207.75
Grand Plaza,Miami,FL,MIA,16.4,FLL,17.9,PBI,7.2,207.71
Riverfront Hotel,St. Louis,MO,STL,43.2,CPS,10.9,BLV,6.7,102.1
Broadway Hotel,Los Angeles,CA,LAX,26.0,BUR,46.3,LGB,32.3,295.58
Coastal Breeze Hotel,Miami,FL,MIA,11.2,FLL,43.1,PBI,32.7,131.83
Desert Resort,Miami,FL,MIA,19.2,FLL,25.9,PBI,2.0,233.19
Crystal Waters Hotel,San Francisco,CA,SFO,12.6,OAK,7.0,SJC,3.2,230.62
Mountain Peak Lodge,Chicago,IL,ORD,34.0,MDW,42.1,RFD,49.1,226.4
Lakeside Inn,Washington,DC,DCA,19.2,IAD,42.5,BWI,29.8,225.17
Maple Leaf Lodge,Atlanta,GA,ATL,7.0,PBI,47.5,BHM,43.9,101.11
Broadway Hotel,St. Louis,MO,STL,22.6,CPS,20.1,BLV,5.7,263.9
City Center Lodge,Atlanta,GA,ATL,16.3,PBI,14.5,BHM,12.7,103.0
Maple Leaf Lodge,Los Angeles,CA,LAX,7.3,BUR,23.2,LGB,48.7,125.7
Mountain Peak Lodge,San Francisco,CA,SFO,2.8,OAK,46.5,SJC,14.2,193.85
Mountain Peak Lodge,Phoenix,AZ,PHX,14.5,AZA,17.0,SDL,31.2,114.56
Palm Grove Hotel,Seattle,WA,SEA,40.9,PAE,23.4,BFI,22.8,135.05
Crystal Waters Hotel,New York,NY,JFK,26.1,LGA,7.1,EWR,3.4,130.63
Palm Grove Hotel,Seattle,WA,SEA,32.7,PAE,14.6,BFI,29.3,250.4
Urban Retreat,Seattle,WA,SEA,39.4,PAE,36.1,BFI,11.5,204.52
Skyline Suites,New York,NY,JFK,5.3,LGA,13.5,EWR,16.3,180.97
Ocean View Hotel,Seattle,WA,SEA,48.1,PAE,29.8,BFI,23.9,223.78
Bay Area Hotel,New York,NY,JFK,37.1,LGA,33.6,EWR,3.9,115.64
Garden Court Hotel,Seattle,WA,SEA,12.8,PAE,40.4,BFI,47.3,258.69
Sapphire Hotel,Los Angeles,CA,LAX,10.4,BUR,27.2,LGB,28.1,240.04
Sapphire Hotel,Washington,DC,DCA,38.3,IAD,14.9,BWI,3.7,229.28
Central Park Inn,Miami,FL,MIA,5.2,FLL,4.4,PBI,45.4,207.82
Bay Area Hotel,Seattle,WA,SEA,27.4,PAE,20.4,BFI,7.3,192.42
Sunset Inn,St. Louis,MO,STL,20.0,CPS,49.9,BLV,14.5,240.32
Emerald Isle Hotel,San Francisco,CA,SFO,35.8,OAK,44.8,SJC,15.1,117.45
Ocean View Hotel,Los Angeles,CA,LAX,28.2,BUR,46.0,LGB,29.6,219.56
Sapphire Hotel,Seattle,WA,SEA,5.4,PAE,39.9,BFI,39.0,133.36
Coastal Breeze Hotel,Seattle,WA,SEA,6.9,PAE,32.5,BFI,16.7,155.85
Grand Plaza,San Francisco,CA,SFO,33.1,OAK,33.8,SJC,14.6,200.26
Metro Inn,Phoenix,AZ,PHX,20.1,AZA,22.5,SDL,37.8,252.01
Mountain Peak Lodge,New York,NY,JFK,39.3,LGA,14.2,EWR,1.2,169.42
City Center Lodge,San Francisco,CA,SFO,3.4,OAK,30.2,SJC,41.6,119.7
Metro Inn,Chicago,IL,ORD,33.7,MDW,4.6,RFD,44.7,298.59
City Center Lodge,New York,NY,JFK,6.1,LGA,5.0,EWR,28.8,180.95
Coastal Breeze Hotel,New York,NY,JFK,3.3,LGA,27.3,EWR,10.4,177.22
Sapphire Hotel,Chicago,IL,ORD,34.7,MDW,4.4,RFD,4.0,196.96
Sunset Inn,Atlanta,GA,ATL,37.3,PBI,21.7,BHM,30.0,249.58
Ocean View Hotel,Washington,DC,DCA,16.4,IAD,26.6,BWI,17.5,277.22
Lakeside Inn,Chicago,IL,ORD,23.1,MDW,13.8,RFD,48.2,204.88
Grand Plaza,Washington,DC,DCA,42.7,IAD,9.6,BWI,38.4,256.19
Sapphire Hotel,Los Angeles,CA,LAX,43.8,BUR,48.4,LGB,35.0,237.05
Palm Grove Hotel,Phoenix,AZ,PHX,7.9,AZA,17.0,SDL,7.4,154.82
Grand Plaza,New York,NY,JFK,30.0,LGA,48.3,EWR,13.4,133.84
Bay Area Hotel,New York,NY,JFK,36.9,LGA,27.2,EWR,12.8,227.63
Lakeside Inn,Miami,FL,MIA,38.1,FLL,4.4,PBI,6.9,201.11
Broadway Hotel,Phoenix,AZ,PHX,17.8,AZA,49.8,SDL,10.6,265.76
Skyline Suites,Washington,DC,DCA,14.6,IAD,19.9,BWI,17.0,251.8
Desert Resort,Seattle,WA,SEA,22.6,PAE,35.4,BFI,20.8,231.5
Garden Court Hotel,Atlanta,GA,ATL,21.3,PBI,9.6,BHM,33.4,284.05
Harbor View Hotel,Atlanta,GA,ATL,24.9,PBI,47.2,BHM,35.2,242.86
Emerald Isle Hotel,Miami,FL,MIA,21.4,FLL,37.4,PBI,28.5,144.38
Maple Leaf Lodge,Chicago,IL,ORD,42.7,MDW,5.8,RFD,33.9,296.16
Pine Tree Inn,Chicago,IL,ORD,43.8,MDW,36.1,RFD,43.8,279.16
Ocean View Hotel,Seattle,WA,SEA,43.0,PAE,35.7,BFI,19.3,222.28
Skyline Suites,Miami,FL,MIA,26.0,FLL,6.0,PBI,4.3,124.54
Capitol Stay,Miami,FL,MIA,10.8,FLL,35.3,PBI,39.6,142.27
Sunset Inn,Washington,DC,DCA,45.8,IAD,9.0,BWI,29.7,196.94
Metro Inn,Chicago,IL,ORD,2.3,MDW,6.2,RFD,6.1,286.66
Maple Leaf Lodge,Chicago,IL,ORD,39.6,MDW,37.8,RFD,40.3,215.28
Sunset Inn,Los Angeles,CA,LAX,23.4,BUR,9.4,LGB,33.5,209.35
Maple Leaf Lodge,Atlanta,GA,ATL,4.7,PBI,28.7,BHM,10.8,199.77
Pine Tree Inn,Miami,FL,MIA,14.5,FLL,41.9,PBI,38.3,246.91
Metro Inn,Phoenix,AZ,PHX,26.4,AZA,9.2,SDL,18.2,282.69
Bay Area Hotel,Los Angeles,CA,LAX,8.6,BUR,4.9,LGB,15.9,155.78
Skyline Suites,Los Angeles,CA,LAX,21.8,BUR,13.8,LGB,9.6,248.74
Ocean View Hotel,St. Louis,MO,STL,35.6,CPS,10.7,BLV,26.6,294.06
Mountain Peak Lodge,Los Angeles,CA,LAX,35.6,BUR,35.8,LGB,43.8,289.33
City Center Lodge,Phoenix,AZ,PHX,46.6,AZA,25.8,SDL,42.0,270.57
Sunset Inn,Seattle,WA,SEA,8.2,PAE,31.5,BFI,35.2,159.68
Palm Grove Hotel,San Francisco,CA,SFO,45.3,OAK,33.9,SJC,9.7,150.68
Bay Area Hotel,Miami,FL,MIA,38.9,FLL,42.7,PBI,18.5,267.66
Urban Retreat,Seattle,WA,SEA,19.2,PAE,19.2,BFI,49.6,281.24
Harbor View Hotel,New York,NY,JFK,34.2,LGA,10.2,EWR,40.7,174.94
Metro Inn,Atlanta,GA,ATL,38.1,PBI,41.4,BHM,4.7,258.6
Urban Retreat,Chicago,IL,ORD,18.6,MDW,38.4,RFD,0.5,156.38
Golden Gate Hotel,Los Angeles,CA,LAX,11.8,BUR,37.5,LGB,49.7,100.67
Skyline Suites,St. Louis,MO,STL,19.3,CPS,2.4,BLV,15.8,155.58
Harbor View Hotel,Chicago,IL,ORD,23.4,MDW,49.0,RFD,49.0,191.12
Harbor View Hotel,St. Louis,MO,STL,11.7,CPS,48.6,BLV,35.6,165.63
Bay Area Hotel,Miami,FL,MIA,20.4,FLL,1.8,PBI,17.9,107.7
Ocean View Hotel,Seattle,WA,SEA,28.8,PAE,14.0,BFI,29.9,118.85
Palm Grove Hotel,Chicago,IL,ORD,38.4,MDW,26.5,RFD,23.3,111.65
Sapphire Hotel,Washington,DC,DCA,29.5,IAD,12.6,BWI,49.5,155.04
Maple Leaf Lodge,New York,NY,JFK,23.9,LGA,9.1,EWR,34.4,136.69
Mountain Peak Lodge,Chicago,IL,ORD,21.8,MDW,1.0,RFD,29.7,219.08
Golden Gate Hotel,Los Angeles,CA,LAX,46.0,BUR,7.3,LGB,10.6,218.88
Sapphire Hotel,Phoenix,AZ,PHX,12.2,AZA,38.3,SDL,1.4,142.22
Sapphire Hotel,New York,NY,JFK,27.4,LGA,46.9,EWR,5.2,273.37
Bay Area Hotel,Atlanta,GA,ATL,27.1,PBI,29.4,BHM,24.6,282.44
Urban Retreat,San Francisco,CA,SFO,43.8,OAK,16.9,SJC,32.5,112.21
City Center Lodge,Washington,DC,DCA,24.0,IAD,5.3,BWI,32.0,232.54
Bay Area Hotel,Phoenix,AZ,PHX,32.6,AZA,19.9,SDL,29.3,114.27
Maple Leaf Lodge,San Francisco,CA,SFO,24.8,OAK,42.6,SJC,28.3,112.61
City Center Lodge,Seattle,WA,SEA,10.8,PAE,36.4,BFI,10.1,120.26
Urban Retreat,Los Angeles,CA,LAX,45.0,BUR,24.3,LGB,46.1,220.82
Riverfront Hotel,New York,NY,JFK,2.7,LGA,0.6,EWR,31.2,137.82
Urban Retreat,Miami,FL,MIA,7.5,FLL,38.2,PBI,35.2,215.97
Mountain Peak Lodge,Atlanta,GA,ATL,10.4,PBI,10.3,BHM,15.5,112.18
Palm Grove Hotel,New York,NY,JFK,29.5,LGA,10.7,EWR,11.5,181.06
Golden Gate Hotel,New York,NY,JFK,13.5,LGA,26.8,EWR,18.1,282.94
Capitol Stay,New York,NY,JFK,39.3,LGA,20.8,EWR,11.9,296.44
Palm Grove Hotel,Atlanta,GA,ATL,36.4,PBI,43.6,BHM,31.9,118.17
Mountain Peak Lodge,New York,NY,JFK,30.8,LGA,2.2,EWR,5.1,101.53
Harbor View Hotel,San Francisco,CA,SFO,22.0,OAK,27.6,SJC,30.0,209.94
Maple Leaf Lodge,Seattle,WA,SEA,37.6,PAE,32.5,BFI,8.4,143.33
Crystal Waters Hotel,St. Louis,MO,STL,35.3,CPS,1.5,BLV,39.4,125.47
Golden Gate Hotel,Phoenix,AZ,PHX,44.0,AZA,34.0,SDL,41.5,198.01
Golden Gate Hotel,Atlanta,GA,ATL,0.6,PBI,49.3,BHM,2.8,177.76
Sapphire Hotel,San Francisco,CA,SFO,26.6,OAK,6.2,SJC,27.4,291.12
Broadway Hotel,Seattle,WA,SEA,4.7,PAE,10.6,BFI,1.7,232.04
Central Park Inn,Atlanta,GA,ATL,21.5,PBI,1.7,BHM,9.2,152.72
Crystal Waters Hotel,New York,NY,JFK,43.5,LGA,35.4,EWR,34.9,145.3
Crystal Waters Hotel,San Francisco,CA,SFO,39.2,OAK,48.3,SJC,13.3,200.58
Crystal Waters Hotel,Atlanta,GA,ATL,13.3,PBI,32.7,BHM,21.5,291.9
Emerald Isle Hotel,San Francisco,CA,SFO,18.0,OAK,4.3,SJC,45.2,147.2
Metro Inn,New York,NY,JFK,22.4,LGA,2.2,EWR,5.6,284.9
Grand Plaza,San Francisco,CA,SFO,48.5,OAK,2.3,SJC,14.5,133.66
Broadway Hotel,Phoenix,AZ,PHX,10.0,AZA,3.9,SDL,29.1,229.87
Garden Court Hotel,Chicago,IL,ORD,36.3,MDW,44.2,RFD,14.6,253.13
Urban Retreat,St. Louis,MO,STL,44.1,CPS,26.2,BLV,34.4,294.15
Harbor View Hotel,Miami,FL,MIA,38.1,FLL,29.6,PBI,24.3,213.18
Ocean View Hotel,New York,NY,JFK,16.3,LGA,35.9,EWR,5.8,153.88
Palm Grove Hotel,Atlanta,GA,ATL,31.3,PBI,10.7,BHM,27.0,262.87
Bay Area Hotel,St. Louis,MO,STL,43.8,CPS,34.4,BLV,15.5,256.9
Desert Resort,Washington,DC,DCA,2.0,IAD,10.8,BWI,5.3,218.4
Grand Plaza,Seattle,WA,SEA,13.3,PAE,45.9,BFI,28.5,223.43
Sapphire Hotel,Miami,FL,MIA,21.1,FLL,18.5,PBI,9.1,176.17
City Center Lodge,Washington,DC,DCA,29.9,IAD,34.0,BWI,14.4,182.5
Lakeside Inn,Seattle,WA,SEA,20.8,PAE,43.2,BFI,13.9,245.17
Crystal Waters Hotel,Phoenix,AZ,PHX,44.8,AZA,19.5,SDL,5.5,245.28
Capitol Stay,Seattle,WA,SEA,10.0,PAE,41.5,BFI,3.0,160.91
Garden Court Hotel,New York,NY,JFK,41.3,LGA,12.6,EWR,43.7,234.69
Metro Inn,Miami,FL,MIA,24.9,FLL,45.7,PBI,1.5,299.39
Capitol Stay,San Francisco,CA,SFO,11.2,OAK,29.5,SJC,49.1,203.56
Capitol Stay,Seattle,WA,SEA,19.0,PAE,49.0,BFI,25.0,211.19
Pine Tree Inn,Washington,DC,DCA,36.7,IAD,25.4,BWI,28.1,142.47
Harbor View Hotel,Washington,DC,DCA,7.3,IAD,46.1,BWI,35.4,148.25
Grand Plaza,New York,NY,JFK,47.6,LGA,2.6,EWR,38.5,154.95
Harbor View Hotel,Phoenix,AZ,PHX,45.2,AZA,29.5,SDL,29.7,136.76
Garden Court Hotel,New York,NY,JFK,18.2,LGA,9.7,EWR,31.1,280.69
Riverfront Hotel,New York,NY,JFK,9.8,LGA,3.9,EWR,1.6,127.37
Pine Tree Inn,Washington,DC,DCA,7.5,IAD,41.9,BWI,31.3,280.82
Grand Plaza,Phoenix,AZ,PHX,47.8,AZA,15.5,SDL,38.0,199.12
Maple Leaf Lodge,Los Angeles,CA,LAX,1.2,BUR,23.9,LGB,24.1,274.82
Lakeside Inn,San Francisco,CA,SFO,29.7,OAK,2.5,SJC,23.4,117.66
Mountain Peak Lodge,Chicago,IL,ORD,26.7,MDW,32.6,RFD,23.0,144.82
Broadway Hotel,San Francisco,CA,SFO,27.3,OAK,43.4,SJC,41.7,158.43
Capitol Stay,Phoenix,AZ,PHX,36.9,AZA,26.6,SDL,4.7,159.75
Coastal Breeze Hotel,Los Angeles,CA,LAX,24.5,BUR,35.9,LGB,6.3,118.63
Crystal Waters Hotel,St. Louis,MO,STL,7.4,CPS,49.9,BLV,18.5,120.67
Riverfront Hotel,Atlanta,GA,ATL,14.6,PBI,37.9,BHM,42.2,123.48
Sapphire Hotel,Miami,FL,MIA,3.0,FLL,44.9,PBI,11.1,211.63
Pine Tree Inn,Phoenix,AZ,PHX,10.8,AZA,7.8,SDL,3.5,131.25
Riverfront Hotel,Washington,DC,DCA,29.5,IAD,7.0,BWI,47.2,132.09
Capitol Stay,San Francisco,CA,SFO,11.1,OAK,45.9,SJC,35.0,129.29
Grand Plaza,St. Louis,MO,STL,39.8,CPS,8.8,BLV,49.9,239.99
Broadway Hotel,Washington,DC,DCA,18.6,IAD,24.3,BWI,32.0,227.75
Palm Grove Hotel,Atlanta,GA,ATL,6.0,PBI,16.8,BHM,48.7,154.21
City Center Lodge,Phoenix,AZ,PHX,22.3,AZA,38.2,SDL,28.6,135.41
Central Park Inn,Washington,DC,DCA,35.6,IAD,45.6,BWI,27.2,287.0
Sunset Inn,Atlanta,GA,ATL,49.3,PBI,39.8,BHM,33.2,238.61
Lakeside Inn,Atlanta,GA,ATL,48.9,PBI,47.9,BHM,5.3,132.5
Riverfront Hotel,Los Angeles,CA,LAX,24.1,BUR,44.0,LGB,8.6,298.76
Ocean View Hotel,San Francisco,CA,SFO,32.4,OAK,9.4,SJC,22.9,297.48
Palm Grove Hotel,Seattle,WA,SEA,3.3,PAE,31.2,BFI,42.2,151.54
Pine Tree Inn,Seattle,WA,SEA,12.4,PAE,44.2,BFI,34.7,227.27
Sapphire Hotel,Washington,DC,DCA,43.2,IAD,34.9,BWI,30.7,204.16
Desert Resort,Seattle,WA,SEA,23.2,PAE,45.6,BFI,21.1,284.64
Palm Grove Hotel,Atlanta,GA,ATL,9.5,PBI,21.6,BHM,25.0,233.52
City Center Lodge,New York,NY,JFK,7.5,LGA,4.4,EWR,38.7,192.98
Mountain Peak Lodge,Atlanta,GA,ATL,41.7,PBI,46.4,BHM,42.2,155.4
Bay Area Hotel,Washington,DC,DCA,19.9,IAD,25.2,BWI,22.4,137.22
Crystal Waters Hotel,Los Angeles,CA,LAX,17.0,BUR,7.7,LGB,29.3,149.25
Grand Plaza,San Francisco,CA,SFO,43.7,OAK,39.8,SJC,25.1,152.16
Lakeside Inn,Phoenix,AZ,PHX,34.4,AZA,0.8,SDL,33.2,247.96
Harbor View Hotel,San Francisco,CA,SFO,7.5,OAK,12.6,SJC,32.1,263.51
Broadway Hotel,Miami,FL,MIA,33.4,FLL,18.7,PBI,41.2,125.39
Palm Grove Hotel,Miami,FL,MIA,37.4,FLL,28.1,PBI,39.0,129.06
Palm Grove Hotel,Miami,FL,MIA,27.3,FLL,15.2,PBI,40.2,238.99
Central Park Inn,Miami,FL,MIA,25.6,FLL,23.0,PBI,27.4,135.7
Urban Retreat,Washington,DC,DCA,21.6,IAD,25.7,BWI,18.6,187.26
Mountain Peak Lodge,St. Louis,MO,STL,17.2,CPS,10.2,BLV,13.8,180.28
Bay Area Hotel,New York,NY,JFK,24.7,LGA,35.2,EWR,47.2,139.96
Golden Gate Hotel,St. Louis,MO,STL,28.0,CPS,40.9,BLV,8.7,105.24
Palm Grove Hotel,Miami,FL,MIA,45.3,FLL,38.9,PBI,10.8,238.61
Lakeside Inn,St. Louis,MO,STL,48.8,CPS,9.5,BLV,40.7,271.02
Ocean View Hotel,Phoenix,AZ,PHX,35.7,AZA,17.7,SDL,30.4,103.31
Central Park Inn,San Francisco,CA,SFO,28.7,OAK,5.9,SJC,28.4,195.56
Coastal Breeze Hotel,Atlanta,GA,ATL,44.1,PBI,46.4,BHM,18.3,298.99
Bay Area Hotel,Los Angeles,CA,LAX,27.2,BUR,18.6,LGB,22.4,266.09
Maple Leaf Lodge,Atlanta,GA,ATL,19.8,PBI,46.5,BHM,10.8,282.62
Sapphire Hotel,Seattle,WA,SEA,7.8,PAE,47.2,BFI,27.7,179.14
Maple Leaf Lodge,Seattle,WA,SEA,47.9,PAE,18.7,BFI,2.1,122.15
Coastal Breeze Hotel,Los Angeles,CA,LAX,36.2,BUR,14.7,LGB,21.8,208.44
Lakeside Inn,Seattle,WA,SEA,38.6,PAE,18.0,BFI,20.8,102.03
Maple Leaf Lodge,Los Angeles,CA,LAX,30.6,BUR,7.6,LGB,6.4,194.74
Pine Tree Inn,St. Louis,MO,STL,30.4,CPS,33.5,BLV,35.0,282.76
Emerald Isle Hotel,Washington,DC,DCA,27.8,IAD,7.5,BWI,41.0,126.47
Central Park Inn,Washington,DC,DCA,17.1,IAD,27.2,BWI,48.6,130.13
Coastal Breeze Hotel,Los Angeles,CA,LAX,24.4,BUR,17.4,LGB,44.4,294.26
Coastal Breeze Hotel,Chicago,IL,ORD,38.0,MDW,39.3,RFD,11.4,298.44
Sunset Inn,San Francisco,CA,SFO,16.8,OAK,28.6,SJC,24.9,215.45
Garden Court Hotel,Phoenix,AZ,PHX,18.9,AZA,9.5,SDL,1.6,201.32
Bay Area Hotel,Washington,DC,DCA,27.1,IAD,40.2,BWI,41.4,166.94
Bay Area Hotel,Chicago,IL,ORD,23.9,MDW,38.0,RFD,9.2,101.41
Ocean View Hotel,Seattle,WA,SEA,14.8,PAE,31.8,BFI,33.0,261.1
Maple Leaf Lodge,Washington,DC,DCA,48.1,IAD,2.7,BWI,12.6,139.81
Riverfront Hotel,San Francisco,CA,SFO,32.5,OAK,19.1,SJC,4.5,166.57
Central Park Inn,Miami,FL,MIA,36.0,FLL,43.5,PBI,13.7,165.75
Garden Court Hotel,Phoenix,AZ,PHX,32.3,AZA,22.9,SDL,43.2,172.44
Urban Retreat,St. Louis,MO,STL,40.6,CPS,43.1,BLV,18.8,245.62
Bay Area Hotel,San Francisco,CA,SFO,25.9,OAK,38.5,SJC,34.9,260.53
Sunset Inn,Chicago,IL,ORD,46.5,MDW,31.4,RFD,17.9,238.96
Pine Tree Inn,New York,NY,JFK,46.1,LGA,42.3,EWR,42.5,155.46
Crystal Waters Hotel,Washington,DC,DCA,9.3,IAD,42.2,BWI,36.9,259.82
Metro Inn,Seattle,WA,SEA,21.7,PAE,15.3,BFI,11.0,224.26
Metro Inn,New York,NY,JFK,8.0,LGA,12.2,EWR,14.3,258.63
Skyline Suites,San Francisco,CA,SFO,41.6,OAK,5.5,SJC,13.0,109.93
Crystal Waters Hotel,Miami,FL,MIA,4.9,FLL,39.2,PBI,43.9,262.56
Harbor View Hotel,New York,NY,JFK,13.0,LGA,12.5,EWR,5.4,247.58
City Center Lodge,Seattle,WA,SEA,17.3,PAE,27.2,BFI,46.0,219.28
Metro Inn,St. Louis,MO,STL,44.9,CPS,44.9,BLV,36.6,228.42
Maple Leaf Lodge,Chicago,IL,ORD,41.8,MDW,0.6,RFD,0.7,170.59
Golden Gate Hotel,Miami,FL,MIA,35.5,FLL,4.0,PBI,32.1,149.29
Skyline Suites,Washington,DC,DCA,31.1,IAD,16.3,BWI,23.1,276.66
Bay Area Hotel,Miami,FL,MIA,26.5,FLL,12.5,PBI,24.4,158.84
Broadway Hotel,St. Louis,MO,STL,41.1,CPS,1.0,BLV,14.3,214.4
Maple Leaf Lodge,Washington,DC,DCA,32.4,IAD,26.7,BWI,15.8,107.15
Riverfront Hotel,New York,NY,JFK,23.0,LGA,35.0,EWR,28.1,120.91
Maple Leaf Lodge,Los Angeles,CA,LAX,2.1,BUR,37.1,LGB,15.1,127.86
Riverfront Hotel,Chicago,IL,ORD,29.4,MDW,49.1,RFD,4.8,293.17
City Center Lodge,Phoenix,AZ,PHX,26.2,AZA,46.8,SDL,15.2,172.01
Mountain Peak Lodge,Seattle,WA,SEA,48.5,PAE,6.3,BFI,4.1,145.4
Golden Gate Hotel,St. Louis,MO,STL,22.6,CPS,2.6,BLV,18.3,169.02
Golden Gate Hotel,St. Louis,MO,STL,49.6,CPS,30.0,BLV,1.6,267.84
Sapphire Hotel,San Francisco,CA,SFO,26.7,OAK,45.9,SJC,17.6,204.83
Maple Leaf Lodge,Seattle,WA,SEA,36.0,PAE,44.5,BFI,4.4,218.87
Mountain Peak Lodge,Washington,DC,DCA,47.5,IAD,30.8,BWI,30.4,151.42
Mountain Peak Lodge,Phoenix,AZ,PHX,4.2,AZA,3.9,SDL,8.4,114.52
Sapphire Hotel,Washington,DC,DCA,37.1,IAD,34.6,BWI,47.6,213.53
Capitol Stay,San Francisco,CA,SFO,5.4,OAK,7.5,SJC,49.5,178.22
Golden Gate Hotel,St. Louis,MO,STL,21.7,CPS,16.8,BLV,36.8,152.17
Crystal Waters Hotel,San Francisco,CA,SFO,20.6,OAK,45.9,SJC,20.1,116.42
Sunset Inn,Washington,DC,DCA,20.6,IAD,18.2,BWI,3.2,183.48
Maple Leaf Lodge,Los Angeles,CA,LAX,25.0,BUR,14.5,LGB,49.0,282.24
Sunset Inn,Miami,FL,MIA,48.6,FLL,2.8,PBI,40.5,257.13
Maple Leaf Lodge,Atlanta,GA,ATL,21.5,PBI,39.4,BHM,30.3,298.11
Mountain Peak Lodge,Washington,DC,DCA,48.8,IAD,11.5,BWI,14.2,217.97
City Center Lodge,Miami,FL,MIA,6.4,FLL,8.1,PBI,49.2,177.1
Metro Inn,St. Louis,MO,STL,31.3,CPS,46.1,BLV,14.9,297.44
Garden Court Hotel,Atlanta,GA,ATL,28.2,PBI,4.8,BHM,8.0,264.12
Maple Leaf Lodge,Phoenix,AZ,PHX,13.4,AZA,32.6,SDL,25.7,287.25
Urban Retreat,Chicago,IL,ORD,34.9,MDW,46.8,RFD,43.9,263.28
Palm Grove Hotel,Washington,DC,DCA,2.8,IAD,13.5,BWI,46.8,252.09
Crystal Waters Hotel,Phoenix,AZ,PHX,45.9,AZA,11.6,SDL,43.4,278.67
Desert Resort,San Francisco,CA,SFO,18.8,OAK,47.6,SJC,32.6,101.17
Sapphire Hotel,New York,NY,JFK,37.4,LGA,38.4,EWR,19.0,127.85
Desert Resort,Washington,DC,DCA,24.9,IAD,8.0,BWI,30.1,110.86
Mountain Peak Lodge,San Francisco,CA,SFO,22.2,OAK,38.8,SJC,6.0,240.75
Sapphire Hotel,Phoenix,AZ,PHX,49.6,AZA,13.7,SDL,34.4,262.31
Pine Tree Inn,Los Angeles,CA,LAX,24.3,BUR,6.1,LGB,31.9,123.23
Coastal Breeze Hotel,San Francisco,CA,SFO,45.5,OAK,40.6,SJC,43.2,186.01
Urban Retreat,Washington,DC,DCA,19.0,IAD,16.1,BWI,21.8,196.29
Lakeside Inn,Chicago,IL,ORD,20.9,MDW,26.7,RFD,38.2,146.77
Sapphire Hotel,Los Angeles,CA,LAX,15.8,BUR,29.4,LGB,28.3,273.81
Mountain Peak Lodge,Atlanta,GA,ATL,12.8,PBI,0.6,BHM,9.6,141.14
Coastal Breeze Hotel,St. Louis,MO,STL,28.9,CPS,21.9,BLV,14.2,142.71
Ocean View Hotel,Washington,DC,DCA,14.4,IAD,14.6,BWI,12.5,287.25
Harbor View Hotel,Los Angeles,CA,LAX,25.2,BUR,30.9,LGB,9.5,271.74
Urban Retreat,Phoenix,AZ,PHX,44.2,AZA,18.7,SDL,15.0,268.79
Riverfront Hotel,New York,NY,JFK,38.6,LGA,8.4,EWR,13.2,200.5
Ocean View Hotel,San Francisco,CA,SFO,16.2,OAK,2.7,SJC,24.9,142.59
Central Park Inn,Miami,FL,MIA,42.7,FLL,22.1,PBI,38.2,277.25
Central Park Inn,San Francisco,CA,SFO,1.7,OAK,14.1,SJC,49.9,296.01
Lakeside Inn,St. Louis,MO,STL,22.3,CPS,40.8,BLV,36.7,199.25
Urban Retreat,New York,NY,JFK,31.9,LGA,32.6,EWR,17.1,293.0
Metro Inn,Phoenix,AZ,PHX,32.8,AZA,3.4,SDL,33.2,294.0
Bay Area Hotel,Seattle,WA,SEA,40.5,PAE,6.5,BFI,38.5,135.58
Mountain Peak Lodge,Los Angeles,CA,LAX,4.6,BUR,40.0,LGB,34.2,143.51
Maple Leaf Lodge,New York,NY,JFK,17.6,LGA,34.5,EWR,46.1,163.42
Skyline Suites,Seattle,WA,SEA,45.9,PAE,33.3,BFI,6.4,145.18
Sapphire Hotel,St. Louis,MO,STL,28.4,CPS,18.9,BLV,20.0,225.46
Harbor View Hotel,San Francisco,CA,SFO,4.1,OAK,48.2,SJC,48.5,271.45
Crystal Waters Hotel,Washington,DC,DCA,5.1,IAD,8.6,BWI,38.0,286.25
Harbor View Hotel,Washington,DC,DCA,8.2,IAD,41.9,BWI,3.8,123.57
Palm Grove Hotel,New York,NY,JFK,23.6,LGA,12.0,EWR,41.0,223.41
Metro Inn,Seattle,WA,SEA,43.7,PAE,16.3,BFI,27.7,130.19
Lakeside Inn,Washington,DC,DCA,41.3,IAD,37.4,BWI,33.1,175.12
Grand Plaza,Los Angeles,CA,LAX,5.3,BUR,11.1,LGB,7.1,196.66
Lakeside Inn,Seattle,WA,SEA,24.0,PAE,7.1,BFI,8.0,278.91
Lakeside Inn,St. Louis,MO,STL,19.3,CPS,45.1,BLV,19.2,205.59
Lakeside Inn,New York,NY,JFK,28.5,LGA,27.2,EWR,42.3,118.67
Lakeside Inn,New York,NY,JFK,21.4,LGA,34.8,EWR,26.2,229.98
Coastal Breeze Hotel,Chicago,IL,ORD,32.3,MDW,46.1,RFD,8.9,112.29
Broadway Hotel,Miami,FL,MIA,21.0,FLL,24.1,PBI,35.3,263.5
Skyline Suites,Miami,FL,MIA,7.4,FLL,6.6,PBI,13.2,123.13
Sunset Inn,San Francisco,CA,SFO,20.0,OAK,43.5,SJC,44.0,208.9
Lakeside Inn,St. Louis,MO,STL,35.8,CPS,47.0,BLV,42.4,105.12
Lakeside Inn,Seattle,WA,SEA,9.1,PAE,18.9,BFI,29.9,174.21
Grand Plaza,Atlanta,GA,ATL,38.2,PBI,47.8,BHM,44.9,241.11
Ocean View Hotel,Chicago,IL,ORD,18.0,MDW,25.3,RFD,43.6,104.36
Metro Inn,New York,NY,JFK,14.0,LGA,28.0,EWR,43.4,140.95
Bay Area Hotel,Seattle,WA,SEA,49.6,PAE,25.4,BFI,3.8,118.13
Harbor View Hotel,Chicago,IL,ORD,6.2,MDW,9.8,RFD,13.3,263.08
Riverfront Hotel,St. Louis,MO,STL,21.3,CPS,13.4,BLV,45.9,188.51
Riverfront Hotel,San Francisco,CA,SFO,6.0,OAK,25.7,SJC,34.6,248.63
Capitol Stay,Atlanta,GA,ATL,19.5,PBI,10.6,BHM,27.6,170.12
Maple Leaf Lodge,Los Angeles,CA,LAX,21.3,BUR,44.9,LGB,49.3,101.92
Pine Tree Inn,Miami,FL,MIA,3.4,FLL,26.5,PBI,15.9,168.32
Broadway Hotel,Chicago,IL,ORD,38.1,MDW,42.7,RFD,45.3,137.6
Metro Inn,St. Louis,MO,STL,39.7,CPS,3.5,BLV,22.2,205.79
Golden Gate Hotel,St. Louis,MO,STL,13.0,CPS,46.9,BLV,3.8,213.98
Harbor View Hotel,Phoenix,AZ,PHX,40.1,AZA,25.8,SDL,32.2,282.99
Maple Leaf Lodge,Atlanta,GA,ATL,38.2,PBI,34.8,BHM,46.1,109.58
Crystal Waters Hotel,Seattle,WA,SEA,17.3,PAE,30.4,BFI,13.2,290.11
Metro Inn,St. Louis,MO,STL,12.9,CPS,39.8,BLV,12.1,235.63
Skyline Suites,Los Angeles,CA,LAX,40.3,BUR,0.6,LGB,13.9,299.04
Lakeside Inn,Miami,FL,MIA,34.2,FLL,15.9,PBI,21.3,214.82
Sapphire Hotel,Washington,DC,DCA,23.7,IAD,30.6,BWI,48.3,261.58
Bay Area Hotel,New York,NY,JFK,27.0,LGA,41.8,EWR,29.1,105.42
Emerald Isle Hotel,Miami,FL,MIA,33.3,FLL,30.6,PBI,24.6,157.07
City Center Lodge,Chicago,IL,ORD,9.4,MDW,14.5,RFD,5.6,169.72
Garden Court Hotel,Chicago,IL,ORD,41.3,MDW,25.4,RFD,20.3,104.07
Riverfront Hotel,Chicago,IL,ORD,41.6,MDW,13.1,RFD,19.7,212.58
Maple Leaf Lodge,New York,NY,JFK,7.0,LGA,7.8,EWR,10.7,213.22
Central Park Inn,Atlanta,GA,ATL,6.3,PBI,11.5,BHM,19.6,291.58
Bay Area Hotel,Washington,DC,DCA,20.5,IAD,14.2,BWI,15.7,260.74
Central Park Inn,Phoenix,AZ,PHX,11.5,AZA,38.0,SDL,14.2,154.86
Lakeside Inn,Los Angeles,CA,LAX,17.9,BUR,27.6,LGB,32.5,204.13
Bay Area Hotel,San Francisco,CA,SFO,37.0,OAK,5.2,SJC,9.4,101.24
Sunset Inn,Miami,FL,MIA,45.0,FLL,39.6,PBI,13.7,186.55
Capitol Stay,New York,NY,JFK,30.6,LGA,12.3,EWR,1.7,135.12
Sunset Inn,Miami,FL,MIA,9.6,FLL,16.3,PBI,39.7,219.83
Urban Retreat,New York,NY,JFK,4.2,LGA,32.4,EWR,45.4,153.8
Sapphire Hotel,Phoenix,AZ,PHX,7.3,AZA,15.3,SDL,33.1,260.91
Pine Tree Inn,Miami,FL,MIA,12.7,FLL,22.9,PBI,10.6,191.46
Skyline Suites,Seattle,WA,SEA,49.9,PAE,31.1,BFI,10.1,213.63
Bay Area Hotel,Miami,FL,MIA,16.5,FLL,12.9,PBI,13.9,183.58
Urban Retreat,San Francisco,CA,SFO,27.8,OAK,37.8,SJC,30.9,145.05
Lakeside Inn,Seattle,WA,SEA,8.4,PAE,6.0,BFI,6.8,229.93
Palm Grove Hotel,Seattle,WA,SEA,29.9,PAE,41.7,BFI,48.2,196.15
Crystal Waters Hotel,New York,NY,JFK,43.0,LGA,13.4,EWR,21.4,231.55
Lakeside Inn,San Francisco,CA,SFO,18.9,OAK,1.5,SJC,34.1,201.72
Desert Resort,Phoenix,AZ,PHX,31.6,AZA,5.4,SDL,17.1,145.29
City Center Lodge,Phoenix,AZ,PHX,24.4,AZA,8.9,SDL,20.8,262.36
Palm Grove Hotel,San Francisco,CA,SFO,5.3,OAK,12.5,SJC,38.8,296.58
Coastal Breeze Hotel,Los Angeles,CA,LAX,33.9,BUR,5.2,LGB,14.5,209.27
Palm Grove Hotel,Washington,DC,DCA,37.0,IAD,36.1,BWI,32.2,176.05
Mountain Peak Lodge,Los Angeles,CA,LAX,30.8,BUR,14.2,LGB,29.8,197.35
City Center Lodge,St. Louis,MO,STL,14.8,CPS,39.8,BLV,9.8,235.62
Ocean View Hotel,Seattle,WA,SEA,35.9,PAE,23.3,BFI,30.6,216.0
Harbor View Hotel,New York,NY,JFK,33.9,LGA,18.2,EWR,37.1,164.11
Crystal Waters Hotel,Phoenix,AZ,PHX,46.8,AZA,35.4,SDL,2.6,223.73
Maple Leaf Lodge,San Francisco,CA,SFO,8.1,OAK,33.0,SJC,21.2,178.31
Capitol Stay,Washington,DC,DCA,31.4,IAD,8.7,BWI,30.8,130.98
Metro Inn,Los Angeles,CA,LAX,48.9,BUR,40.8,LGB,44.1,104.48
Crystal Waters Hotel,Miami,FL,MIA,41.0,FLL,26.0,PBI,42.7,211.08
Capitol Stay,Phoenix,AZ,PHX,14.3,AZA,1.7,SDL,43.7,270.8
Grand Plaza,New York,NY,JFK,23.5,LGA,34.8,EWR,29.5,226.32
Lakeside Inn,Seattle,WA,SEA,37.4,PAE,31.3,BFI,13.2,287.17
Harbor View Hotel,Seattle,WA,SEA,49.0,PAE,18.8,BFI,42.6,106.62
Desert Resort,Chicago,IL,ORD,28.7,MDW,34.9,RFD,12.1,248.67
Skyline Suites,St. Louis,MO,STL,20.6,CPS,37.7,BLV,42.8,260.05
Skyline Suites,St. Louis,MO,STL,49.3,CPS,28.8,BLV,16.5,155.31
Golden Gate Hotel,Los Angeles,CA,LAX,47.9,BUR,29.2,LGB,16.8,184.87
Crystal Waters Hotel,Seattle,WA,SEA,15.2,PAE,37.5,BFI,46.7,169.49
Sapphire Hotel,New York,NY,JFK,33.6,LGA,35.6,EWR,10.5,263.99
Bay Area Hotel,Miami,FL,MIA,26.3,FLL,37.2,PBI,49.9,293.24
Riverfront Hotel,Los Angeles,CA,LAX,2.6,BUR,28.6,LGB,38.6,171.13
Garden Court Hotel,Los Angeles,CA,LAX,44.1,BUR,30.1,LGB,26.9,225.53
Capitol Stay,Los Angeles,CA,LAX,44.4,BUR,41.5,LGB,48.6,116.08
Coastal Breeze Hotel,Miami,FL,MIA,47.2,FLL,30.1,PBI,12.2,267.35
Central Park Inn,Atlanta,GA,ATL,1.1,PBI,26.9,BHM,42.3,253.23
Crystal Waters Hotel,Los Angeles,CA,LAX,14.3,BUR,1.7,LGB,31.3,206.81
Crystal Waters Hotel,San Francisco,CA,SFO,37.0,OAK,22.3,SJC,32.2,264.22
Bay Area Hotel,Los Angeles,CA,LAX,5.5,BUR,5.9,LGB,36.0,205.26
Maple Leaf Lodge,Seattle,WA,SEA,24.6,PAE,41.0,BFI,40.1,114.07
Pine Tree Inn,St. Louis,MO,STL,44.4,CPS,22.0,BLV,4.8,141.98
Ocean View Hotel,St. Louis,MO,STL,45.9,CPS,1.0,BLV,47.3,132.48
Pine Tree Inn,St. Louis,MO,STL,14.6,CPS,8.2,BLV,36.8,229.77
Riverfront Hotel,San Francisco,CA,SFO,13.1,OAK,30.6,SJC,13.7,286.85
Maple Leaf Lodge,Washington,DC,DCA,23.6,IAD,1.8,BWI,7.9,115.43
Golden Gate Hotel,Phoenix,AZ,PHX,33.1,AZA,41.1,SDL,44.1,122.6
Pine Tree Inn,Chicago,IL,ORD,12.4,MDW,44.1,RFD,1.7,181.43
City Center Lodge,St. Louis,MO,STL,42.3,CPS,38.6,BLV,21.7,277.0
Harbor View Hotel,St. Louis,MO,STL,43.2,CPS,38.7,BLV,24.1,126.65
Ocean View Hotel,San Francisco,CA,SFO,19.9,OAK,46.9,SJC,49.6,171.7
Mountain Peak Lodge,Chicago,IL,ORD,32.5,MDW,47.9,RFD,6.0,255.27
Metro Inn,St. Louis,MO,STL,1.6,CPS,9.4,BLV,7.3,285.57
Crystal Waters Hotel,Phoenix,AZ,PHX,42.0,AZA,0.6,SDL,4.1,212.97
City Center Lodge,Phoenix,AZ,PHX,15.5,AZA,1.7,SDL,14.2,132.9
Metro Inn,Atlanta,GA,ATL,11.5,PBI,6.3,BHM,37.0,193.83
Broadway Hotel,Phoenix,AZ,PHX,40.2,AZA,40.3,SDL,47.8,101.61
Grand Plaza,Phoenix,AZ,PHX,18.9,AZA,20.3,SDL,12.5,261.76
Central Park Inn,New York,NY,JFK,41.6,LGA,17.6,EWR,48.2,181.99
Pine Tree Inn,St. Louis,MO,STL,39.9,CPS,38.5,BLV,32.8,278.72
Garden Court Hotel,San Francisco,CA,SFO,35.4,OAK,38.3,SJC,4.4,271.63
Lakeside Inn,Atlanta,GA,ATL,8.3,PBI,2.7,BHM,44.7,284.84
Central Park Inn,Miami,FL,MIA,45.5,FLL,14.5,PBI,28.9,222.01
Sapphire Hotel,Chicago,IL,ORD,5.5,MDW,12.2,RFD,11.8,213.75
Central Park Inn,New York,NY,JFK,38.0,LGA,6.2,EWR,4.5,116.47
Capitol Stay,Miami,FL,MIA,14.0,FLL,14.3,PBI,25.0,265.61
Riverfront Hotel,St. Louis,MO,STL,20.8,CPS,5.5,BLV,6.4,280.94
Mountain Peak Lodge,New York,NY,JFK,1.7,LGA,48.1,EWR,2.7,148.75
Broadway Hotel,St. Louis,MO,STL,17.2,CPS,15.1,BLV,30.8,242.02
Bay Area Hotel,Seattle,WA,SEA,8.5,PAE,42.7,BFI,8.4,183.35
Metro Inn,Miami,FL,MIA,30.7,FLL,47.6,PBI,8.5,203.55
Desert Resort,Phoenix,AZ,PHX,49.2,AZA,11.7,SDL,36.2,263.61
Harbor View Hotel,Atlanta,GA,ATL,31.9,PBI,48.9,BHM,14.7,237.94
Sunset Inn,Seattle,WA,SEA,24.9,PAE,6.8,BFI,35.5,280.47
Broadway Hotel,Chicago,IL,ORD,8.2,MDW,37.8,RFD,12.4,165.18
Urban Retreat,Atlanta,GA,ATL,31.6,PBI,46.2,BHM,7.3,290.63
Palm Grove Hotel,Washington,DC,DCA,32.8,IAD,11.3,BWI,19.2,249.56
Sapphire Hotel,Miami,FL,MIA,10.0,FLL,16.6,PBI,36.5,102.17
Coastal Breeze Hotel,San Francisco,CA,SFO,2.0,OAK,46.8,SJC,35.0,115.27
Harbor View Hotel,Los Angeles,CA,LAX,27.8,BUR,29.5,LGB,29.8,271.45
Riverfront Hotel,San Francisco,CA,SFO,27.3,OAK,48.0,SJC,9.6,175.98
Garden Court Hotel,Washington,DC,DCA,16.5,IAD,22.4,BWI,18.4,275.92
Garden Court Hotel,Phoenix,AZ,PHX,0.9,AZA,34.6,SDL,30.8,170.67
Golden Gate Hotel,San Francisco,CA,SFO,22.7,OAK,13.4,SJC,17.1,137.45
Maple Leaf Lodge,New York,NY,JFK,47.0,LGA,6.6,EWR,26.1,276.6
Central Park Inn,Washington,DC,DCA,31.8,IAD,6.0,BWI,23.8,225.78
Central Park Inn,New York,NY,JFK,41.9,LGA,10.9,EWR,34.5,211.6
Sunset Inn,St. Louis,MO,STL,5.5,CPS,25.7,BLV,48.9,131.44
Sapphire Hotel,Phoenix,AZ,PHX,46.7,AZA,48.8,SDL,28.6,191.61
Coastal Breeze Hotel,Miami,FL,MIA,2.2,FLL,14.2,PBI,27.7,223.63
Metro Inn,Washington,DC,DCA,19.8,IAD,41.3,BWI,45.9,227.76
Ocean View Hotel,Los Angeles,CA,LAX,43.3,BUR,12.5,LGB,31.3,229.4
Pine Tree Inn,Miami,FL,MIA,49.8,FLL,30.0,PBI,7.2,165.78
Emerald Isle Hotel,Chicago,IL,ORD,4.7,MDW,16.2,RFD,38.4,181.97
Ocean View Hotel,New York,NY,JFK,43.8,LGA,35.2,EWR,23.7,138.95
Central Park Inn,Chicago,IL,ORD,13.4,MDW,40.0,RFD,1.6,250.08
Golden Gate Hotel,Phoenix,AZ,PHX,48.2,AZA,18.5,SDL,27.7,127.9
Garden Court Hotel,Chicago,IL,ORD,21.3,MDW,24.0,RFD,20.1,174.09
Sapphire Hotel,St. Louis,MO,STL,23.7,CPS,35.3,BLV,1.8,217.94
Metro Inn,San Francisco,CA,SFO,21.4,OAK,15.6,SJC,42.3,123.53
Crystal Waters Hotel,San Francisco,CA,SFO,44.8,OAK,8.8,SJC,48.0,114.66
Maple Leaf Lodge,Washington,DC,DCA,40.9,IAD,22.1,BWI,9.8,128.47
Bay Area Hotel,Miami,FL,MIA,24.8,FLL,32.6,PBI,35.4,107.99
Riverfront Hotel,New York,NY,JFK,2.2,LGA,37.6,EWR,44.6,236.84
Sapphire Hotel,San Francisco,CA,SFO,17.1,OAK,31.9,SJC,35.2,290.36
Pine Tree Inn,St. Louis,MO,STL,33.8,CPS,29.5,BLV,24.7,154.57
Lakeside Inn,Phoenix,AZ,PHX,48.3,AZA,39.1,SDL,29.4,283.77
Golden Gate Hotel,Seattle,WA,SEA,15.9,PAE,36.3,BFI,15.4,211.61
Garden Court Hotel,Miami,FL,MIA,31.4,FLL,18.8,PBI,30.3,206.07
Mountain Peak Lodge,New York,NY,JFK,26.9,LGA,45.3,EWR,17.9,285.79
Harbor View Hotel,Atlanta,GA,ATL,29.4,PBI,33.9,BHM,48.5,214.69
Central Park Inn,Phoenix,AZ,PHX,14.2,AZA,48.0,SDL,27.8,192.52
Golden Gate Hotel,Seattle,WA,SEA,45.4,PAE,8.7,BFI,5.1,133.24
Sapphire Hotel,Phoenix,AZ,PHX,19.5,AZA,12.8,SDL,39.3,261.75
City Center Lodge,Atlanta,GA,ATL,43.1,PBI,39.7,BHM,50.0,269.78
Capitol Stay,Phoenix,AZ,PHX,3.0,AZA,18.6,SDL,25.7,121.75
Sunset Inn,Atlanta,GA,ATL,38.9,PBI,33.8,BHM,44.9,123.07
Emerald Isle Hotel,Seattle,WA,SEA,2.1,PAE,28.2,BFI,10.1,214.82
Capitol Stay,Miami,FL,MIA,5.9,FLL,9.8,PBI,7.0,229.46
Grand Plaza,Phoenix,AZ,PHX,1.1,AZA,3.3,SDL,21.5,122.75
Metro Inn,St. Louis,MO,STL,47.4,CPS,21.5,BLV,9.6,126.33
Palm Grove Hotel,Atlanta,GA,ATL,8.3,PBI,41.6,BHM,14.6,118.69
Coastal Breeze Hotel,Chicago,IL,ORD,38.3,MDW,31.3,RFD,24.8,234.7
Sapphire Hotel,San Francisco,CA,SFO,38.3,OAK,38.9,SJC,41.0,284.84
Ocean View Hotel,Phoenix,AZ,PHX,19.3,AZA,38.9,SDL,33.4,175.14
Grand Plaza,Seattle,WA,SEA,40.7,PAE,26.4,BFI,29.5,135.98
Maple Leaf Lodge,Miami,FL,MIA,49.9,FLL,25.0,PBI,18.6,198.52
Harbor View Hotel,Phoenix,AZ,PHX,20.0,AZA,11.4,SDL,11.4,277.11
Sapphire Hotel,San Francisco,CA,SFO,47.9,OAK,40.6,SJC,12.2,122.68
Pine Tree Inn,Washington,DC,DCA,30.7,IAD,28.4,BWI,43.5,246.21
Bay Area Hotel,Washington,DC,DCA,11.5,IAD,38.3,BWI,46.7,252.6
Bay Area Hotel,New York,NY,JFK,8.9,LGA,0.9,EWR,7.1,281.38
Central Park Inn,Phoenix,AZ,PHX,23.9,AZA,9.8,SDL,16.3,226.7
Crystal Waters Hotel,Atlanta,GA,ATL,19.0,PBI,23.1,BHM,24.3,101.57
Central Park Inn,Atlanta,GA,ATL,2.8,PBI,49.1,BHM,20.6,108.9
Sapphire Hotel,Atlanta,GA,ATL,10.1,PBI,4.1,BHM,2.5,233.1
Urban Retreat,Los Angeles,CA,LAX,9.9,BUR,30.0,LGB,45.8,206.78
Maple Leaf Lodge,Phoenix,AZ,PHX,3.3,AZA,49.1,SDL,2.3,114.04
Ocean View Hotel,Phoenix,AZ,PHX,35.9,AZA,45.5,SDL,5.7,135.95
Sapphire Hotel,St. Louis,MO,STL,18.9,CPS,3.4,BLV,29.8,277.92
Sunset Inn,Chicago,IL,ORD,8.9,MDW,3.2,RFD,16.5,164.81
Mountain Peak Lodge,St. Louis,MO,STL,27.2,CPS,13.8,BLV,39.0,286.7
Emerald Isle Hotel,Chicago,IL,ORD,27.9,MDW,36.0,RFD,40.7,218.02
Sunset Inn,Atlanta,GA,ATL,29.3,PBI,8.6,BHM,35.9,224.02
Garden Court Hotel,Los Angeles,CA,LAX,9.3,BUR,29.1,LGB,24.9,183.09
Riverfront Hotel,Chicago,IL,ORD,28.8,MDW,6.0,RFD,41.0,215.37
Mountain Peak Lodge,Los Angeles,CA,LAX,36.8,BUR,26.4,LGB,48.0,288.22
Central Park Inn,Chicago,IL,ORD,39.2,MDW,25.2,RFD,10.7,217.08
Emerald Isle Hotel,Miami,FL,MIA,40.7,FLL,31.7,PBI,17.2,173.0
Skyline Suites,Atlanta,GA,ATL,6.4,PBI,4.7,BHM,21.8,126.3
Broadway Hotel,San Francisco,CA,SFO,35.1,OAK,1.7,SJC,49.1,239.65
Harbor View Hotel,Miami,FL,MIA,0.8,FLL,3.9,PBI,44.2,228.5
Pine Tree Inn,Seattle,WA,SEA,23.4,PAE,22.1,BFI,13.1,246.78
Urban Retreat,Phoenix,AZ,PHX,4.2,AZA,6.6,SDL,46.2,171.08
Harbor View Hotel,St. Louis,MO,STL,30.8,CPS,0.6,BLV,2.2,165.62
Garden Court Hotel,Phoenix,AZ,PHX,5.5,AZA,11.4,SDL,7.7,157.56
Bay Area Hotel,Atlanta,GA,ATL,33.8,PBI,27.1,BHM,41.0,232.44
Capitol Stay,Seattle,WA,SEA,27.7,PAE,42.9,BFI,44.7,171.37
Golden Gate Hotel,St. Louis,MO,STL,47.4,CPS,2.8,BLV,46.4,143.89
Golden Gate Hotel,Atlanta,GA,ATL,35.1,PBI,41.2,BHM,31.7,157.78
Golden Gate Hotel,Miami,FL,MIA,13.9,FLL,6.3,PBI,31.5,113.34
Metro Inn,Chicago,IL,ORD,20.5,MDW,18.1,RFD,11.7,248.62
Riverfront Hotel,Atlanta,GA,ATL,37.4,PBI,2.0,BHM,18.1,299.34
Desert Resort,Washington,DC,DCA,25.2,IAD,33.2,BWI,8.4,228.21
Coastal Breeze Hotel,Phoenix,AZ,PHX,47.0,AZA,30.1,SDL,45.0,162.65
Desert Resort,Phoenix,AZ,PHX,11.4,AZA,42.6,SDL,16.1,208.02
Riverfront Hotel,St. Louis,MO,STL,5.1,CPS,7.6,BLV,4.2,156.25
Palm Grove Hotel,Washington,DC,DCA,32.7,IAD,13.8,BWI,31.2,199.83
Maple Leaf Lodge,Seattle,WA,SEA,41.9,PAE,1.4,BFI,35.3,257.87
Maple Leaf Lodge,Washington,DC,DCA,21.7,IAD,48.1,BWI,0.6,105.29
Sapphire Hotel,Chicago,IL,ORD,13.7,MDW,0.7,RFD,18.7,251.7
Capitol Stay,Atlanta,GA,ATL,37.1,PBI,49.4,BHM,35.3,166.16
Coastal Breeze Hotel,Miami,FL,MIA,43.3,FLL,39.1,PBI,49.7,293.77
Skyline Suites,Chicago,IL,ORD,26.3,MDW,48.1,RFD,19.2,119.48
Maple Leaf Lodge,Seattle,WA,SEA,23.8,PAE,31.5,BFI,24.7,279.44
Emerald Isle Hotel,St. Louis,MO,STL,44.8,CPS,31.6,BLV,46.8,158.21
Lakeside Inn,San Francisco,CA,SFO,13.5,OAK,14.4,SJC,5.2,225.26
Urban Retreat,Washington,DC,DCA,47.6,IAD,5.1,BWI,33.0,294.51
Harbor View Hotel,St. Louis,MO,STL,34.2,CPS,2.3,BLV,49.5,240.21
Broadway Hotel,San Francisco,CA,SFO,23.8,OAK,23.8,SJC,9.7,272.13
Bay Area Hotel,Miami,FL,MIA,34.4,FLL,9.3,PBI,4.9,149.32
Pine Tree Inn,Washington,DC,DCA,33.6,IAD,22.6,BWI,29.9,103.16
Lakeside Inn,Miami,FL,MIA,16.8,FLL,17.0,PBI,37.9,153.66
Broadway Hotel,Washington,DC,DCA,5.2,IAD,40.1,BWI,41.0,254.95
Lakeside Inn,Miami,FL,MIA,0.9,FLL,45.4,PBI,34.8,265.52
Maple Leaf Lodge,Chicago,IL,ORD,19.9,MDW,21.6,RFD,32.0,205.12
Sapphire Hotel,St. Louis,MO,STL,46.9,CPS,14.1,BLV,31.4,288.36
Central Park Inn,Seattle,WA,SEA,15.7,PAE,47.2,BFI,30.5,206.94
Sunset Inn,San Francisco,CA,SFO,3.5,OAK,13.7,SJC,23.3,113.21
Garden Court Hotel,Chicago,IL,ORD,14.3,MDW,33.0,RFD,43.1,226.22
Harbor View Hotel,Phoenix,AZ,PHX,36.1,AZA,33.1,SDL,6.3,261.09
Pine Tree Inn,Atlanta,GA,ATL,7.6,PBI,5.5,BHM,36.6,100.23
City Center Lodge,St. Louis,MO,STL,3.6,CPS,14.0,BLV,8.1,296.7
Golden Gate Hotel,Atlanta,GA,ATL,48.4,PBI,31.2,BHM,5.1,279.23
Golden Gate Hotel,Chicago,IL,ORD,20.9,MDW,41.2,RFD,46.3,255.57
Lakeside Inn,New York,NY,JFK,42.0,LGA,36.7,EWR,12.0,240.42
Harbor View Hotel,Atlanta,GA,ATL,28.8,PBI,32.9,BHM,31.6,239.08
Maple Leaf Lodge,Los Angeles,CA,LAX,15.5,BUR,6.4,LGB,19.2,166.57
Pine Tree Inn,Washington,DC,DCA,39.5,IAD,6.1,BWI,28.6,209.44
Crystal Waters Hotel,Miami,FL,MIA,28.2,FLL,2.3,PBI,36.8,123.81
Riverfront Hotel,St. Louis,MO,STL,47.8,CPS,7.3,BLV,49.2,223.94
Desert Resort,Los Angeles,CA,LAX,43.2,BUR,46.2,LGB,43.7,103.79
Riverfront Hotel,San Francisco,CA,SFO,41.0,OAK,2.1,SJC,28.6,264.17
Maple Leaf Lodge,Atlanta,GA,ATL,10.4,PBI,46.3,BHM,4.6,272.44
Garden Court Hotel,Washington,DC,DCA,39.1,IAD,49.0,BWI,7.7,159.27
Ocean View Hotel,St. Louis,MO,STL,26.1,CPS,25.5,BLV,29.1,141.61
Urban Retreat,Miami,FL,MIA,28.6,FLL,15.6,PBI,45.8,185.82
Mountain Peak Lodge,Washington,DC,DCA,43.6,IAD,17.8,BWI,38.7,123.8
Mountain Peak Lodge,New York,NY,JFK,12.4,LGA,43.8,EWR,36.6,150.82
Crystal Waters Hotel,St. Louis,MO,STL,49.9,CPS,4.5,BLV,30.0,152.76
Golden Gate Hotel,Atlanta,GA,ATL,33.9,PBI,25.8,BHM,31.1,236.92
Harbor View Hotel,Los Angeles,CA,LAX,37.3,BUR,47.0,LGB,40.4,192.42
Pine Tree Inn,Phoenix,AZ,PHX,33.0,AZA,43.9,SDL,14.8,107.59
Metro Inn,Seattle,WA,SEA,38.9,PAE,36.9,BFI,20.4,188.98
Riverfront Hotel,Phoenix,AZ,PHX,34.2,AZA,44.0,SDL,38.2,104.44
Mountain Peak Lodge,San Francisco,CA,SFO,5.6,OAK,14.4,SJC,48.1,168.25
Urban Retreat,Los Angeles,CA,LAX,40.7,BUR,45.5,LGB,26.6,229.31
Pine Tree Inn,Los Angeles,CA,LAX,20.5,BUR,6.9,LGB,46.3,257.31
Harbor View Hotel,New York,NY,JFK,4.3,LGA,45.5,EWR,22.0,212.51
Skyline Suites,Los Angeles,CA,LAX,49.6,BUR,1.0,LGB,40.2,100.5
Crystal Waters Hotel,New York,NY,JFK,29.3,LGA,10.5,EWR,49.5,127.76
Mountain Peak Lodge,Atlanta,GA,ATL,2.7,PBI,13.5,BHM,37.5,208.63
Mountain Peak Lodge,Atlanta,GA,ATL,49.3,PBI,9.7,BHM,50.0,158.45
Emerald Isle Hotel,Phoenix,AZ,PHX,31.2,AZA,11.1,SDL,8.3,176.64
Pine Tree Inn,Miami,FL,MIA,41.0,FLL,15.3,PBI,15.5,142.34
City Center Lodge,Atlanta,GA,ATL,2.3,PBI,12.4,BHM,38.0,246.98
Palm Grove Hotel,San Francisco,CA,SFO,20.2,OAK,31.8,SJC,41.7,299.33
Emerald Isle Hotel,New York,NY,JFK,12.9,LGA,21.6,EWR,3.8,225.71
Grand Plaza,St. Louis,MO,STL,40.5,CPS,46.1,BLV,5.0,110.51
Harbor View Hotel,Atlanta,GA,ATL,32.7,PBI,21.1,BHM,8.4,253.29
Desert Resort,Miami,FL,MIA,15.2,FLL,13.0,PBI,47.6,249.26
Crystal Waters Hotel,Seattle,WA,SEA,47.0,PAE,36.6,BFI,39.1,241.15
Ocean View Hotel,New York,NY,JFK,44.2,LGA,30.4,EWR,2.3,232.41
Pine Tree Inn,Chicago,IL,ORD,6.9,MDW,35.4,RFD,45.4,256.7
Urban Retreat,Atlanta,GA,ATL,25.8,PBI,46.4,BHM,3.7,277.79
Skyline Suites,New York,NY,JFK,27.4,LGA,11.5,EWR,42.9,252.58
Harbor View Hotel,St. Louis,MO,STL,6.1,CPS,2.3,BLV,35.7,121.98
City Center Lodge,New York,NY,JFK,35.7,LGA,1.1,EWR,45.0,193.55
Crystal Waters Hotel,Seattle,WA,SEA,27.8,PAE,4.3,BFI,46.4,113.68
Ocean View Hotel,Chicago,IL,ORD,18.6,MDW,2.9,RFD,37.0,127.13
Central Park Inn,Atlanta,GA,ATL,24.3,PBI,42.8,BHM,27.4,287.0
Maple Leaf Lodge,St. Louis,MO,STL,44.3,CPS,43.1,BLV,18.9,127.59
Maple Leaf Lodge,St. Louis,MO,STL,42.5,CPS,20.9,BLV,44.2,242.3
Riverfront Hotel,Miami,FL,MIA,41.3,FLL,6.4,PBI,5.7,200.28
Crystal Waters Hotel,Chicago,IL,ORD,43.3,MDW,27.6,RFD,40.0,178.21
Crystal Waters Hotel,Washington,DC,DCA,2.1,IAD,3.2,BWI,30.0,164.91
Ocean View Hotel,Seattle,WA,SEA,17.6,PAE,33.2,BFI,22.4,288.21
Sunset Inn,Chicago,IL,ORD,35.9,MDW,40.9,RFD,8.5,166.91
Skyline Suites,Chicago,IL,ORD,17.6,MDW,11.6,RFD,34.2,244.21
Metro Inn,Washington,DC,DCA,11.9,IAD,41.7,BWI,20.8,154.02
Urban Retreat,Los Angeles,CA,LAX,1.7,BUR,24.3,LGB,28.0,171.11
Desert Resort,Phoenix,AZ,PHX,47.6,AZA,37.3,SDL,9.7,174.1
Desert Resort,San Francisco,CA,SFO,36.8,OAK,35.4,SJC,36.3,251.53
Sunset Inn,Washington,DC,DCA,19.6,IAD,12.3,BWI,1.5,115.86
Mountain Peak Lodge,New York,NY,JFK,39.9,LGA,31.5,EWR,30.8,138.47
Crystal Waters Hotel,Los Angeles,CA,LAX,37.8,BUR,43.2,LGB,4.8,247.91
Skyline Suites,San Francisco,CA,SFO,15.2,OAK,32.0,SJC,34.0,143.91
Harbor View Hotel,Seattle,WA,SEA,41.9,PAE,17.9,BFI,32.4,127.61
Harbor View Hotel,San Francisco,CA,SFO,49.9,OAK,27.2,SJC,36.2,116.72
Broadway Hotel,Miami,FL,MIA,31.9,FLL,33.9,PBI,19.0,277.17
Emerald Isle Hotel,New York,NY,JFK,12.6,LGA,14.0,EWR,46.6,137.76
Central Park Inn,Miami,FL,MIA,23.1,FLL,23.8,PBI,1.0,115.06
Grand Plaza,St. Louis,MO,STL,20.6,CPS,46.4,BLV,20.0,263.5
Sunset Inn,Seattle,WA,SEA,37.1,PAE,32.4,BFI,43.2,298.61
Skyline Suites,New York,NY,JFK,7.9,LGA,30.9,EWR,39.5,149.49
Bay Area Hotel,St. Louis,MO,STL,24.5,CPS,7.5,BLV,25.4,109.37
Broadway Hotel,Seattle,WA,SEA,15.3,PAE,49.6,BFI,41.6,114.42
Garden Court Hotel,New York,NY,JFK,14.9,LGA,40.2,EWR,35.3,102.07
Palm Grove Hotel,Phoenix,AZ,PHX,3.8,AZA,23.0,SDL,38.6,162.96
Palm Grove Hotel,Seattle,WA,SEA,26.7,PAE,20.8,BFI,1.7,125.94
Riverfront Hotel,Washington,DC,DCA,38.5,IAD,31.1,BWI,4.2,161.2
Riverfront Hotel,San Francisco,CA,SFO,33.1,OAK,18.9,SJC,0.9,135.06
Coastal Breeze Hotel,Washington,DC,DCA,24.1,IAD,39.6,BWI,38.2,223.83
Broadway Hotel,Los Angeles,CA,LAX,36.2,BUR,35.7,LGB,31.6,214.04
Mountain Peak Lodge,San Francisco,CA,SFO,13.3,OAK,28.2,SJC,16.4,191.06
Riverfront Hotel,San Francisco,CA,SFO,4.4,OAK,38.3,SJC,23.5,202.47
Sapphire Hotel,Chicago,IL,ORD,10.2,MDW,7.2,RFD,48.3,135.26
Garden Court Hotel,Phoenix,AZ,PHX,24.7,AZA,28.3,SDL,39.6,126.11
Bay Area Hotel,Phoenix,AZ,PHX,22.8,AZA,28.5,SDL,31.1,231.32
Desert Resort,Chicago,IL,ORD,9.0,MDW,40.5,RFD,31.2,163.04
Garden Court Hotel,New York,NY,JFK,2.2,LGA,43.6,EWR,19.5,129.91
City Center Lodge,New York,NY,JFK,14.9,LGA,6.0,EWR,19.6,217.77
Sunset Inn,Washington,DC,DCA,20.4,IAD,9.7,BWI,37.3,296.33
Bay Area Hotel,Seattle,WA,SEA,1.4,PAE,42.1,BFI,38.8,144.19
Sunset Inn,Chicago,IL,ORD,45.5,MDW,11.3,RFD,10.1,290.41
Crystal Waters Hotel,Chicago,IL,ORD,11.3,MDW,36.1,RFD,14.2,215.55
Sapphire Hotel,New York,NY,JFK,41.6,LGA,31.2,EWR,3.9,175.21
Golden Gate Hotel,St. Louis,MO,STL,13.7,CPS,42.8,BLV,29.5,159.36
Bay Area Hotel,San Francisco,CA,SFO,15.8,OAK,36.5,SJC,13.2,163.68
Golden Gate Hotel,Los Angeles,CA,LAX,25.7,BUR,41.6,LGB,21.6,174.91
Pine Tree Inn,Seattle,WA,SEA,48.0,PAE,10.3,BFI,34.7,213.24
Lakeside Inn,Atlanta,GA,ATL,20.9,PBI,41.3,BHM,2.9,103.5
Pine Tree Inn,New York,NY,JFK,35.7,LGA,0.8,EWR,48.4,223.02
Maple Leaf Lodge,Phoenix,AZ,PHX,17.9,AZA,42.3,SDL,44.0,133.06
Mountain Peak Lodge,Miami,FL,MIA,24.2,FLL,21.9,PBI,23.5,264.62
Urban Retreat,Phoenix,AZ,PHX,44.7,AZA,45.3,SDL,24.1,200.52
Maple Leaf Lodge,New York,NY,JFK,17.8,LGA,1.6,EWR,35.3,170.64
Lakeside Inn,Los Angeles,CA,LAX,14.6,BUR,11.0,LGB,17.4,130.7
Desert Resort,San Francisco,CA,SFO,10.8,OAK,44.3,SJC,7.5,192.35
Ocean View Hotel,St. Louis,MO,STL,5.4,CPS,17.7,BLV,46.2,217.73
Skyline Suites,Los Angeles,CA,LAX,9.7,BUR,3.0,LGB,10.5,156.78
Golden Gate Hotel,New York,NY,JFK,48.0,LGA,21.2,EWR,35.7,168.76
Harbor View Hotel,New York,NY,JFK,35.2,LGA,40.0,EWR,44.4,251.23
Golden Gate Hotel,San Francisco,CA,SFO,18.1,OAK,24.0,SJC,26.8,100.61
Desert Resort,San Francisco,CA,SFO,40.5,OAK,19.7,SJC,25.2,253.69
Urban Retreat,Phoenix,AZ,PHX,32.0,AZA,26.9,SDL,3.9,106.04
Broadway Hotel,San Francisco,CA,SFO,7.5,OAK,7.7,SJC,1.8,158.34
Ocean View Hotel,Seattle,WA,SEA,17.5,PAE,45.6,BFI,39.1,201.85
Harbor View Hotel,San Francisco,CA,SFO,4.2,OAK,38.2,SJC,26.8,147.96
Metro Inn,Miami,FL,MIA,10.2,FLL,21.1,PBI,40.1,135.15
Lakeside Inn,Phoenix,AZ,PHX,27.1,AZA,14.4,SDL,0.8,256.24
Ocean View Hotel,Atlanta,GA,ATL,38.4,PBI,14.8,BHM,42.6,241.28
Central Park Inn,Los Angeles,CA,LAX,5.1,BUR,37.2,LGB,14.0,139.04
Bay Area Hotel,Miami,FL,MIA,18.9,FLL,16.4,PBI,34.8,280.23
Golden Gate Hotel,Seattle,WA,SEA,44.9,PAE,11.5,BFI,22.8,131.01
Desert Resort,Chicago,IL,ORD,36.5,MDW,34.3,RFD,46.4,223.03
Lakeside Inn,New York,NY,JFK,40.9,LGA,20.5,EWR,25.9,250.66
Harbor View Hotel,New York,NY,JFK,21.5,LGA,9.1,EWR,9.4,220.43
Sunset Inn,Chicago,IL,ORD,23.0,MDW,24.8,RFD,47.8,192.74
Ocean View Hotel,Washington,DC,DCA,43.2,IAD,9.2,BWI,31.3,247.09
Harbor View Hotel,Washington,DC,DCA,22.8,IAD,47.9,BWI,7.0,218.88
Mountain Peak Lodge,Phoenix,AZ,PHX,26.8,AZA,3.3,SDL,29.1,236.82
Grand Plaza,St. Louis,MO,STL,4.9,CPS,46.2,BLV,14.3,234.89
Capitol Stay,St. Louis,MO,STL,33.7,CPS,27.0,BLV,43.4,196.36
Grand Plaza,New York,NY,JFK,45.2,LGA,45.1,EWR,30.6,290.19
Urban Retreat,St. Louis,MO,STL,13.4,CPS,34.6,BLV,32.4,202.65
Riverfront Hotel,New York,NY,JFK,30.6,LGA,39.0,EWR,21.5,255.05
Metro Inn,St. Louis,MO,STL,40.7,CPS,4.7,BLV,24.0,278.42
Pine Tree Inn,San Francisco,CA,SFO,23.2,OAK,6.2,SJC,36.5,173.05
Coastal Breeze Hotel,San Francisco,CA,SFO,34.4,OAK,10.0,SJC,38.2,171.07
Sunset Inn,Washington,DC,DCA,24.0,IAD,4.6,BWI,10.4,194.1
Maple Leaf Lodge,Phoenix,AZ,PHX,24.4,AZA,42.0,SDL,16.1,271.62
Lakeside Inn,San Francisco,CA,SFO,7.7,OAK,22.0,SJC,12.1,143.62
Grand Plaza,Washington,DC,DCA,19.8,IAD,20.3,BWI,44.0,211.95
Sapphire Hotel,San Francisco,CA,SFO,33.6,OAK,11.1,SJC,24.1,118.09
Ocean View Hotel,New York,NY,JFK,48.1,LGA,20.8,EWR,24.3,163.39
Grand Plaza,Chicago,IL,ORD,5.6,MDW,1.6,RFD,17.6,132.02
Riverfront Hotel,San Francisco,CA,SFO,27.2,OAK,32.6,SJC,22.3,166.62
Broadway Hotel,New York,NY,JFK,5.1,LGA,6.7,EWR,33.1,211.75
Urban Retreat,Chicago,IL,ORD,44.3,MDW,8.1,RFD,34.7,260.54
Harbor View Hotel,Washington,DC,DCA,7.6,IAD,31.7,BWI,1.5,102.67
Metro Inn,Seattle,WA,SEA,16.3,PAE,30.4,BFI,21.0,263.87
Garden Court Hotel,Washington,DC,DCA,36.9,IAD,26.2,BWI,9.0,259.43
Harbor View Hotel,Washington,DC,DCA,12.9,IAD,12.7,BWI,19.6,174.65
Skyline Suites,Chicago,IL,ORD,40.1,MDW,47.6,RFD,38.4,211.6
Coastal Breeze Hotel,Washington,DC,DCA,42.9,IAD,39.1,BWI,37.9,104.12
Desert Resort,Phoenix,AZ,PHX,43.6,AZA,26.3,SDL,16.0,261.64
Pine Tree Inn,Seattle,WA,SEA,25.1,PAE,8.8,BFI,46.7,221.06
Pine Tree Inn,Phoenix,AZ,PHX,6.6,AZA,35.5,SDL,20.1,150.71
Garden Court Hotel,Phoenix,AZ,PHX,35.8,AZA,37.8,SDL,30.6,106.53
Lakeside Inn,Phoenix,AZ,PHX,2.4,AZA,39.0,SDL,48.3,113.33
Sunset Inn,Los Angeles,CA,LAX,19.5,BUR,39.5,LGB,27.8,164.07
Sapphire Hotel,St. Louis,MO,STL,21.2,CPS,40.2,BLV,27.6,170.56
Harbor View Hotel,Phoenix,AZ,PHX,10.8,AZA,25.2,SDL,38.9,144.18
Broadway Hotel,St. Louis,MO,STL,36.6,CPS,49.4,BLV,34.7,291.85
City Center Lodge,Phoenix,AZ,PHX,9.2,AZA,12.5,SDL,4.4,121.35
Emerald Isle Hotel,New York,NY,JFK,40.7,LGA,47.7,EWR,18.7,199.42
Central Park Inn,Washington,DC,DCA,9.5,IAD,47.4,BWI,36.6,126.43
Maple Leaf Lodge,Seattle,WA,SEA,40.5,PAE,15.4,BFI,33.1,137.76
Golden Gate Hotel,New York,NY,JFK,10.7,LGA,2.1,EWR,47.8,214.06
Ocean View Hotel,San Francisco,CA,SFO,41.8,OAK,24.0,SJC,1.8,170.41
City Center Lodge,Phoenix,AZ,PHX,35.8,AZA,5.4,SDL,4.2,148.49
Crystal Waters Hotel,New York,NY,JFK,13.8,LGA,5.2,EWR,42.8,275.34
Sapphire Hotel,Seattle,WA,SEA,42.1,PAE,3.8,BFI,36.4,179.03
Maple Leaf Lodge,Atlanta,GA,ATL,28.1,PBI,4.2,BHM,18.6,181.44
City Center Lodge,Washington,DC,DCA,1.2,IAD,17.9,BWI,28.5,209.28
Emerald Isle Hotel,Miami,FL,MIA,43.5,FLL,8.9,PBI,19.2,219.96
Emerald Isle Hotel,Miami,FL,MIA,43.2,FLL,1.9,PBI,24.0,231.38
Riverfront Hotel,Chicago,IL,ORD,18.6,MDW,6.8,RFD,25.2,213.86
Broadway Hotel,New York,NY,JFK,13.4,LGA,37.9,EWR,30.2,236.25
Garden Court Hotel,San Francisco,CA,SFO,37.2,OAK,48.6,SJC,22.9,163.44
Metro Inn,San Francisco,CA,SFO,47.0,OAK,27.2,SJC,43.6,231.53
Crystal Waters Hotel,New York,NY,JFK,29.9,LGA,45.7,EWR,8.5,281.71
Emerald Isle Hotel,Chicago,IL,ORD,44.6,MDW,23.9,RFD,27.0,260.7
Bay Area Hotel,San Francisco,CA,SFO,16.4,OAK,36.3,SJC,28.9,273.6
Sunset Inn,Seattle,WA,SEA,47.7,PAE,3.2,BFI,13.2,227.46
Ocean View Hotel,San Francisco,CA,SFO,32.1,OAK,49.9,SJC,40.4,136.38
Bay Area Hotel,Chicago,IL,ORD,7.4,MDW,33.3,RFD,40.0,194.48
Central Park Inn,Atlanta,GA,ATL,20.5,PBI,17.4,BHM,40.1,222.27
Golden Gate Hotel,Phoenix,AZ,PHX,42.7,AZA,48.4,SDL,10.7,136.61
Skyline Suites,Phoenix,AZ,PHX,13.7,AZA,31.7,SDL,44.6,250.7
Garden Court Hotel,Atlanta,GA,ATL,27.1,PBI,5.4,BHM,2.5,200.18
Metro Inn,Phoenix,AZ,PHX,9.4,AZA,9.0,SDL,31.6,158.25
Palm Grove Hotel,Washington,DC,DCA,27.1,IAD,39.4,BWI,2.6,100.72
Mountain Peak Lodge,Seattle,WA,SEA,45.9,PAE,45.5,BFI,3.7,249.69
Riverfront Hotel,Chicago,IL,ORD,47.0,MDW,25.8,RFD,38.9,126.89
Urban Retreat,Washington,DC,DCA,47.7,IAD,8.8,BWI,5.6,222.42
Broadway Hotel,Los Angeles,CA,LAX,3.4,BUR,33.6,LGB,32.3,179.24
Pine Tree Inn,Atlanta,GA,ATL,43.4,PBI,19.3,BHM,17.5,291.86
Pine Tree Inn,Phoenix,AZ,PHX,43.0,AZA,37.0,SDL,47.1,130.73
Pine Tree Inn,St. Louis,MO,STL,35.8,CPS,29.4,BLV,6.6,178.43
Harbor View Hotel,Phoenix,AZ,PHX,47.8,AZA,26.5,SDL,21.9,145.04
Skyline Suites,San Francisco,CA,SFO,18.3,OAK,8.5,SJC,35.8,270.94
Desert Resort,Seattle,WA,SEA,20.8,PAE,22.1,BFI,5.1,127.21
Ocean View Hotel,Atlanta,GA,ATL,2.9,PBI,3.2,BHM,3.6,157.02
Bay Area Hotel,Miami,FL,MIA,27.7,FLL,3.5,PBI,42.1,128.56
Sunset Inn,Washington,DC,DCA,18.1,IAD,15.6,BWI,15.8,137.48
Coastal Breeze Hotel,St. Louis,MO,STL,32.3,CPS,11.8,BLV,18.0,188.81
Skyline Suites,Chicago,IL,ORD,24.7,MDW,47.2,RFD,17.6,222.03
Metro Inn,Los Angeles,CA,LAX,42.1,BUR,20.3,LGB,9.6,185.96
Riverfront Hotel,Washington,DC,DCA,13.2,IAD,1.0,BWI,5.1,155.03
Ocean View Hotel,Phoenix,AZ,PHX,10.9,AZA,28.8,SDL,44.2,192.63
Bay Area Hotel,Chicago,IL,ORD,23.7,MDW,46.9,RFD,20.4,280.35
Crystal Waters Hotel,Miami,FL,MIA,27.2,FLL,25.8,PBI,38.7,109.05
Emerald Isle Hotel,Washington,DC,DCA,5.2,IAD,49.7,BWI,11.7,167.25
Broadway Hotel,St. Louis,MO,STL,6.7,CPS,24.2,BLV,31.4,267.64
Coastal Breeze Hotel,Phoenix,AZ,PHX,15.6,AZA,32.0,SDL,10.9,257.52
Harbor View Hotel,Seattle,WA,SEA,29.9,PAE,18.1,BFI,35.4,116.39
Emerald Isle Hotel,Chicago,IL,ORD,35.3,MDW,8.5,RFD,11.0,200.17
Capitol Stay,Seattle,WA,SEA,5.8,PAE,19.9,BFI,37.1,205.72
Maple Leaf Lodge,Phoenix,AZ,PHX,38.3,AZA,12.3,SDL,12.3,105.18
